-- phpMyAdmin SQL Dump
-- version 5.0.2
-- https://www.phpmyadmin.net/
--
-- 主機： 127.0.0.1
-- 產生時間： 2020-11-03 03:53:59
-- 伺服器版本： 10.4.11-MariaDB
-- PHP 版本： 7.4.5

SET SQL_MODE = "NO_AUTO_VALUE_ON_ZERO";
START TRANSACTION;
SET time_zone = "+00:00";


/*!40101 SET @OLD_CHARACTER_SET_CLIENT=@@CHARACTER_SET_CLIENT */;
/*!40101 SET @OLD_CHARACTER_SET_RESULTS=@@CHARACTER_SET_RESULTS */;
/*!40101 SET @OLD_COLLATION_CONNECTION=@@COLLATION_CONNECTION */;
/*!40101 SET NAMES utf8mb4 */;

--
-- 資料庫： `bc_company_original`
--

-- --------------------------------------------------------

--
-- 資料表結構 `customer`
--

CREATE TABLE `customer` (
  `客戶寶號` varchar(14) DEFAULT NULL,
  `客戶代號` varchar(5) DEFAULT NULL,
  `縣市` varchar(3) DEFAULT NULL,
  `地址` varchar(18) DEFAULT NULL,
  `郵遞區號` int(3) DEFAULT NULL,
  `聯絡人` varchar(3) DEFAULT NULL,
  `職稱` varchar(4) DEFAULT NULL,
  `電話` varchar(10) DEFAULT NULL,
  `行業別` varchar(2) DEFAULT NULL,
  `統一編號` int(8) DEFAULT NULL
) ENGINE=InnoDB DEFAULT CHARSET=utf8;

--
-- 傾印資料表的資料 `customer`
--

INSERT INTO `customer` (`客戶寶號`, `客戶代號`, `縣市`, `地址`, `郵遞區號`, `聯絡人`, `職稱`, `電話`, `行業別`, `統一編號`) VALUES
('洽興金屬工業股份有限公司', 'A0001', '台中市', '西屯區工業區12路5號', 407, '陳勳森', '採購專員', '04-7081881', '機械', 86281373),
('新益機械工廠股份有限公司', 'A0002', '台北市', '北投區承德路7段371-1號', 100, '謝裕民', '行政專員', '02-7752450', '機械', 4675569),
('天源義記機械股份有限公司', 'A0003', '台北市', '松山區敦化北路122號3樓', 105, '翁崇銘', '工程師', '02-9015105', '機械', 22039731),
('家鄉事業股份有限公司', 'A0004', '台北市', '復興北路57號5樓', 108, '郭淑玲', '行政專員', '02-1879991', '食品', 85800192),
('四維企業(股)公司', 'A0005', '台南縣', '歸仁鄉南興村中山路851號', 720, '廖述宏', '工程師', '06-8792123', '建築', 12231596),
('永輝興電機工業股份有限公司', 'A0006', '台南縣', '麻豆鎮小埤里苓子林8-12號', 710, '黃清吉', '總務主任', '06-4588455', '電機', 4735004),
('溪泉電器工廠股份有限公司', 'A0007', '台中市', '西屯區台中工業區工業五路3號', 407, '林慶文', '工程師', '04-7613571', '電子', 7406808),
('善品精機股份有限公司', 'A0008', '台中縣', '烏日鄉中山路三段6號', 414, '張君暉', '工程師', '04-2552171', '機械', 11222009),
('佳樂電子股份有限公司', 'A0009', '台北市', '大安區復興南路一段390號5樓之3', 106, '蔣清池', '總務主任', '02-2301212', '電子', 61781463),
('科隆實業股份有限公司', 'A0010', '台北市', '大安區敦化南路一段223號8樓', 106, '劉瑞復', '工程師', '02-7721320', '貿易', 97513218),
('永光壓鑄企業公司', 'A0011', '台北市', '中山北路三段22號', 104, '梁文雄', '工程師', '02-2514474', '機械', 52003703),
('正五傑機械股份有限公司', 'A0012', '台北市', '中山區松江路293號805室', 111, '林金源', '採購專員', '02-9991061', '機械', 3807628),
('集上科技股份有限公司', 'A0013', '台北市', '中山區南京東路3段65號2樓', 104, '陳幼獅', '行政專員', '02-7174500', '資訊', 79854797),
('強安鋼架工程股份有限公司', 'A0014', '台北市', '中正區博愛路154號6-7樓', 104, '林添財', '主任', '02-9179261', '機械', 11081681),
('菱生精密工業股份有限公司', 'A0015', '台北市', '中正區懷寧街43號6樓', 100, '張國萬', '採購專員', '02-6668541', '電子', 11099303),
('昆信機械工業股份有限公司', 'A0016', '台北市', '忠孝東路四段285號13樓', 103, '陳世棟', '採購專員', '02-7195800', '機械', 22956788),
('麥柏股份有限公司', 'A0017', '台北市', '松山區南京東路三段248號14樓', 110, '楊喜棠', '工程師', '02-1184988', '貿易', 51868406),
('九和汽車股份有限公司', 'A0018', '台北市', '信義路五段2號14樓', 104, '李青潭', '工程師', '02-2595286', '機械', 3722109),
('遠東氣體工業股份有限公司', 'A0019', '台北市', '許昌街四二號九樓', 104, '李進興', '總務主任', '02-4688516', '化學', 52004800),
('諾貝爾生物有限公司', 'A0020', '台北市', '塔城街66號3樓', 106, '蘇益慶', '工程師', '02-9879103', '化學', 86172733),
('有萬貿易股份有限公司', 'A0021', '台北市', '土城市大暖路71號', 114, '張子信', '工程師', '02-1524755', '貿易', 5135739),
('真正精機股份有限公司', 'A0022', '台北縣', '土城市自強街29號', 241, '黃俊勝', '行政專員', '02-5569536', '機械', 61602905),
('東興振業股份有限公司', 'A0023', '台北縣', '汐止鎮大同路3段275號', 236, '徐旭明', '主任', '02-4247674', '建築', 73251209),
('漢寶農畜產企業股份有限公司', 'A0024', '台北縣', '板橋市民生路一段28號', 235, '林勝豐', '採購專員', '02-8795884', '食品', 7881361),
('大喬機械公司', 'A0025', '台北縣', '新店市寶興路45巷5號3樓', 251, '呂擇賞', '工程師', '02-4998556', '機械', 22099630),
('達亞汽車股份有限公司', 'A0026', '台北縣', '仁德鄉保安村開發四路6號', 238, '鄭榮勳', '採購專員', '02-4489598', '機械', 72065240),
('台灣航空電子股份有限公司', 'A0027', '桃園縣', '桃園市大林里大仁路50號', 334, '周正義', '主任', '03-4856525', '電子', 4697347),
('鐶琪塑膠股份有限公司', 'A0028', '桃園縣', '楊梅鎮大同里行善路80號', 337, '陳登榜', '工程師', '03-1385562', '化學', 60330130),
('亞智股份有限公司', 'A0029', '桃園縣', '龜山鄉善村文德路25號', 324, '黃正弘', '行政專員', '03-4855525', '建築', 3932533),
('九華營造工程股份有限公司', 'A0030', '桃園縣', '蘆竹鄉南崁路二段201巷7號', 330, '唐樂川', '總務主任', '03-2659569', '建築', 22099934),
('台灣保谷光學股份有限公司', 'A0031', '桃園縣', '小港區中林路26號', 325, '林長芳', '工程師', '03-2365566', '電子', 86159485),
('豐興鋼鐵(股)公司', 'A0032', '桃園縣', '五福三路21號6樓', 338, '吳政翔', '總務主任', '03-4554521', '機械', 21222725),
('中友開發建設股份有限公司', 'A0033', '高雄市', '鼓山區明倫路514巷19號', 813, '劉宗齊', '採購專員', '07-2665563', '建築', 86379208),
('長生營造股份有限公司', 'A0034', '高雄市', '大社工業區興工路1-3號', 806, '楊菊生', '工程師', '07-5645655', '建築', 75370905),
('百容電子股份有限公司', 'A0035', '新竹市', '科學工業園區園區二路47號105室', 300, '賴朝宗', '採購', '035-189566', '電子', 84308030),
('欣中天然氣股份有限公司', 'A0036', '新竹市', '竹東鎮中興路四段14號', 300, '胡明宗', '採購助理', '035-789542', '化學', 3703601),
('比力機械工業股份有限公司', 'A0037', '新竹市', '水上鄉回歸村北回60號', 300, '王振芳', '總務助理', '035-585985', '機械', 23120951),
('詮讚興業公司', 'A0038', '新竹縣', '秀水鄉埔崙村三越街82號', 302, '林清富', '工程師', '035-584425', '其他', 22018285),
('台灣釜屋電機股份有限公司', 'A0039', '台中縣', '烏日鄉中山路一段和平巷150弄27號', 414, '顏仲仁', '總務主任', '04-8342662', '機械', 23418669),
('國光血清疫苗製造股份有限公司', 'A0040', '台北市', '士林區社中街76號', 111, '徐賢德', '工程師', '02-7351127', '化學', 11085292),
('台灣製罐工業股份有限公司', 'A0041', '台北市', '大安區忠孝東路4段285號6樓', 106, '許金良', '採購專員', '02-5316125', '食品', 3767301),
('雅企科技(股)', 'A0042', '台北市', '中山區南京東路二段95號11樓', 104, '徐惠秋', '總務主任', '02-7751286', '資訊', 6606103),
('國豐電線工廠股份有限公司', 'A0043', '台北市', '敦化南路522號2樓', 106, '巫嘉昌', '工程師', '02-1949849', '電機', 52004800),
('金興鋼鐵股份有限公司', 'A0044', '台北市', '華陰街119號', 105, '黃永松', '總務主任', '02-4789198', '機械', 77514419),
('原帥電機股份有限公司', 'A0045', '台北縣', '新店市寶橋路229號', 220, '李春淵', '採購專員', '02-8499256', '電機', 23826519),
('新寶纖維股份有限公司', 'A0046', '台北縣', '樹林鎮東興街1號', 231, '林棟材', '工程師', '02-9985554', '化學', 12223723),
('太平洋汽門工業股份有限公司', 'A0047', '台南縣', '中壢市新生路二段334號', 721, '呂碧如', '工程師', '06-4882554', '機械', 41695406),
('喬福機械工業股份有限公司', 'A0048', '台南縣', '八德市大湳里和平路1127號', 711, '張朝深', '總務主任', '06-8884551', '機械', 3329507),
('楓原設計公司', 'A0049', '桃園縣', '大園鄉橫峰村1號', 320, '陳世昌', '採購專員', '03-4884525', '其他', 7284214),
('日南紡織股份有限公司', 'A0050', '桃園縣', '平鎮市建安村太平東路7號', 330, '陳標山', '行政專員', '03-5568425', '紡織', 37199708),
('台灣勝家實業股份有限公司', 'A0051', '桃園縣', '楊梅鎮秀才路520號', 337, '陳智雄', '工程師', '03-4825826', '貿易', 5630750),
('周家合板股份有限公司', 'A0052', '桃園縣', '龜山鄉樂善村文德路25號', 330, '陳肇源', '採購專員', '03-4851551', '建築', 76940003),
('英業達股份有限公司', 'A0053', '新竹市', '科學工業園區園區二路40號1樓', 300, '鄭景昌', '行政專員', '035-645858', '電子', 12388674),
('羽田機械股份有限公司', 'A0054', '新竹縣', '和美鎮彰美路二段106號', 310, '張永茂', '工程師', '035-851453', '機械', 85614991),
('中衛聯合開發公司', 'A0055', '台中市', '南屯區南屯路三段86號', 408, '蔡淑慧', '工程師', '04-5062442', '建築', 75370905),
('台中精機廠股份有限公司', 'A0056', '台北市', '大安區敦化南路1段331號6樓', 106, '杜鴻國', '採購專員', '02-3592139', '機械', 38011301),
('東陽實業(股)公司', 'A0057', '台北市', '中山區松江路301號9樓', 111, '葉育恩', '工程師', '02-4951111', '貿易', 12486393),
('金泰成粉廠股份有限公司', 'A0058', '台北市', '中正區延平南路10號', 104, '林繼宗', '採購專員', '02-4648165', '食品', 22102494),
('現代農牧股份有限公司', 'A0059', '台北市', '南港區東新街34巷10號3樓', 105, '秦嘉鴻', '採購專員', '02-7899552', '食品', 74231126),
('惠亞工程股份有限公司', 'A0060', '台北市', '三重市重新路五段609巷16號6樓', 106, '高文彬', '總務主任', '02-6548854', '建築', 6673382);

-- --------------------------------------------------------

--
-- 資料表結構 `dept`
--

CREATE TABLE `dept` (
  `部門名稱` varchar(4) DEFAULT NULL,
  `部門代號` varchar(3) DEFAULT NULL,
  `主管姓名` varchar(3) DEFAULT NULL
) ENGINE=InnoDB DEFAULT CHARSET=utf8;

--
-- 傾印資料表的資料 `dept`
--

INSERT INTO `dept` (`部門名稱`, `部門代號`, `主管姓名`) VALUES
('董事長室', 'A01', '林政賢'),
('總經理室', 'B01', '何茂宗'),
('研發一課', 'C01', '徐煥坤'),
('研發二課', 'C02', '江正維'),
('研發三課', 'C03', '易君揚'),
('業務一課', 'D01', '陳曉蘭'),
('業務二課', 'D02', '陳雅賢'),
('業務三課', 'D03', '朱金倉'),
('業務四課', 'D04', '林鵬翔'),
('採購部', 'E01', '黃大倫'),
('維修部', 'F01', '劉柏村'),
('資訊部', 'G01', '林朝財'),
('企劃部', 'H01', '程光民'),
('人事部', 'I01', '楊習仁'),
('行政部', 'J01', '許進發'),
('會計部', 'K01', '胡富傑'),
('圖書室', 'L01', '洪惠芬');

-- --------------------------------------------------------

--
-- 資料表結構 `employee`
--

CREATE TABLE `employee` (
  `姓名` varchar(3) DEFAULT NULL,
  `現任職稱` varchar(5) DEFAULT NULL,
  `部門代號` varchar(3) DEFAULT NULL,
  `縣市` varchar(3) DEFAULT NULL,
  `地址` varchar(18) DEFAULT NULL,
  `電話` varchar(16) DEFAULT NULL,
  `郵遞區號` int(3) DEFAULT NULL,
  `目前月薪資` int(6) DEFAULT NULL,
  `年假天數` int(2) DEFAULT NULL
) ENGINE=InnoDB DEFAULT CHARSET=utf8;

--
-- 傾印資料表的資料 `employee`
--

INSERT INTO `employee` (`姓名`, `現任職稱`, `部門代號`, `縣市`, `地址`, `電話`, `郵遞區號`, `目前月薪資`, `年假天數`) VALUES
('方重圍', '顧問工程師', 'A01', '新竹市', '科學工業園區工業東四路7號2樓', '035-780050', 300, 185000, 7),
('何茂宗', '總經理', 'B01', '台北市', '中山區松江路301號9樓', '02-5020238', 104, 154000, 14),
('黃慧萍', '特別助理', 'B01', '台北縣', '新店市寶興路45巷5號3樓', '02-9179261', 231, 82000, 14),
('林建興', '研發副總', 'B01', '屏東市', '中正路688巷46弄59號', '08-7379531', 900, 138000, 14),
('蔡豪鈞', '業務副總', 'B01', '桃園縣', '楊梅鎮高榮里新榮路339號', '03-4905265', 326, 36000, 7),
('林森和', '助理工程師', 'C01', '台北市', '民權東路3段37號12樓', '(02)515-0000', 104, 38000, 7),
('黃志文', '研發副理', 'C01', '台北市', '光復南路422號2樓之1', '02-7043828', 106, 66200, 14),
('張藍方', '研發經理', 'C01', '台北市', '松德路159號-1', '02-7593733', 110, 67400, 14),
('徐煥坤', '資深工程師', 'C01', '台北縣', '土城市福安街75號', '02-2685871', 236, 36000, 14),
('王德惠', '研發工程師', 'C01', '台北縣', '新店市寶中路123巷1號5樓', '02-9174400', 231, 37000, 7),
('莊清媚', '研發工程師', 'C02', '台中市', '北區漢口路4段367號11樓', '04-2374989', 404, 33000, 14),
('張景松', '副工程師', 'C02', '台中市', '西屯區台中工業區工業五路3號', '04-3592345', 407, 31500, 14),
('李垂文', '研發副理', 'C02', '台中縣', '大里市仁化路261號', '(04)491-4141#254', 412, 34500, 7),
('盧大為', '研發經理', 'C02', '台北市', '大同區承德路一段40號12樓', '02-5559211', 103, 33000, 14),
('江正維', '研發工程師', 'C02', '台北市', '松山區南京東路5段5號2樓', '02-7649130', 105, 61000, 14),
('鍾智慧', '研發工程師', 'C03', '台北市', '八德路二段260號9樓', '02-7752450', 104, 29500, 7),
('方鎮深', '副工程師', 'C03', '台北市', '士林區社中街76號', '02-8118101', 111, 32000, 14),
('楊銘哲', '研發副理', 'C03', '台北市', '萬華區漢口街2段60號', '02-3111116', 108, 27200, 14),
('王演銓', '研發經理', 'C03', '桃園縣', '大園鄉北港村大工路31號', '03-3868956', 337, 38200, 14),
('易君揚', '助理工程師', 'C03', '桃園縣', '楊梅鎮秀才路520號', '03-4753821', 326, 75200, 14),
('鄭秀家', '研發工程師', 'C03', '高雄市', '五福三路21號6樓', '07-2135522', 801, 36500, 7),
('王玉治', '業務副理', 'D01', '台中縣', '潭子鄉建國路3之2號', '04-5331112', 427, 34800, 14),
('林鳳春', '業務專員', 'D01', '台北市', '中正區杭洲南路1段15-1號19樓', '02-3936566', 100, 59000, 14),
('葉秀珠', '業務助理', 'D01', '台北市', '南港區成功路一段65號2&3樓', '02-7832854', 115, 24800, 7),
('陳曉蘭', '業務經理', 'D01', '台南縣', '歸仁鄉南興村中山路851號', '06-2306611', 711, 29500, 7),
('吳美成', '資深專員', 'D01', '彰化縣', '和美鎮彰美路二段106號', '04-7352182', 508, 34800, 7),
('莊國雄', '業務副理', 'D02', '台中縣', '潭子鄉中山路三段493巷35號', '04-5343566', 427, 39200, 7),
('向大鵬', '業務專員', 'D02', '台北市', '建國北路2段145號3樓', '02-5031111', 104, 23400, 7),
('陳詔芳', '業務助理', 'D02', '高雄市', '新興區中正二路182號8-1樓', '07-2228856', 800, 27800, 7),
('陳雅賢', '業務經理', 'D02', '新竹縣', '湖口鄉光復北路92號', '035-981491', 303, 54200, 14),
('吳國信', '資深專員', 'D02', '彰化縣', '福興鄉萬豐村福工路12號', '04-7695161~4', 506, 37000, 7),
('張志輝', '業務副理', 'D03', '台中縣', '大肚鄉沙田路二段132巷60號', '04-6991173', 432, 31500, 7),
('林玉堂', '業務專員', 'D03', '台北市', '松江路124巷21號4樓', '02-5926597', 104, 25500, 7),
('張世興', '業務助理', 'D03', '台北縣', '淡水鎮下圭柔山100-2號', '02-6228750', 251, 70000, 14),
('朱金倉', '業務經理', 'D03', '高雄市', '三民區通化街120號', '07-3712111', 807, 38900, 14),
('謝穎青', '資深專員', 'D03', '高雄縣', '仁武鄉仁心路311號', '07-3711696', 814, 24500, 7),
('毛渝南', '業務副理', 'D04', '台北市', '大安區敦化南路2段218號', '02-3779968', 106, 76000, 7),
('郭曜明', '業務專員', 'D04', '台北市', '中山區八德路四段111號', '02-7532121', 105, 26000, 7),
('李進祿', '業務專員', 'D04', '台北市', '松山區復興北路369號3樓', '02-7150669', 105, 25000, 7),
('陳惠娟', '業務助理', 'D04', '高雄市', '三民區灣興街96之1號', '07-3853358', 807, 23000, 14),
('林鵬翔', '業務經理', 'D04', '彰化縣', '和美鎮鎮平里彰草路二段697號', '04-7525121', 508, 36000, 7),
('黃大倫', '採購經理', 'E01', '台中縣', '大肚鄉沙田路二段310巷2號', '04-6991191', 432, 27000, 14),
('黃振清', '採購副理', 'E01', '台北市', '大同區重慶北路三段137巷25號2樓', '02-5976225', 103, 34500, 14),
('林國和', '採購專員', 'E01', '台北市', '民生西路292號10樓', '02-5559676', 103, 62000, 14),
('黃秋好', '採購專員', 'E01', '台北市', '新明路124號', '02-7912161', 114, 23400, 7),
('陳弘昌', '採購助理', 'E01', '台南縣', '永康鄉中正北路711號', '06-2531221', 710, 22000, 7),
('張琪', '採購助理', 'E01', '桃園縣', '大園鄉橫峰村1號', '03-3811811', 337, 22500, 7),
('許鴻章', '維修經理', 'E01', '彰化縣', '秀水鄉埔崙村三越街82號', '04-7692511', 504, 25500, 7),
('連邦俊', '維修助理', 'F01', '台北市', '大安區仁愛路三段108號7樓', '02-7042162', 106, 28900, 14),
('張治', '維修工程師', 'F01', '台北市', '大安區復興南路一段390號5樓之3', '02-7081881', 106, 37800, 14),
('吳寶珠', '維修工程師', 'F01', '台北市', '中山區長安東路2段173號7樓', '02-7720267', 104, 32500, 14),
('洪毓祥', '維修工程師', 'F01', '台北市', '中正區忠孝東路2段123號B1', '02-3971881', 100, 40000, 14),
('丁組長', '助理工程師', 'F01', '台北市', '松山區南京東路5段46號7樓', '02-7613571', 105, 28500, 7),
('李秋煌', '助理工程師', 'F01', '台北市', '許昌街四二號九樓', '02-6584251', 100, 25600, 7),
('何信穎', '副工程師', 'F01', '台北縣', '土城市工業區中山路59號', '02-2683366', 236, 37900, 7),
('陳福金', '副工程師', 'F01', '台北縣', '樹林鎮三俊街273號', '02-6882387', 223, 28000, 7),
('林靜秋', '維修副理', 'F01', '桃園縣', '龍潭鄉九龍村中興路九龍段3巷13號', '03-4792988', 325, 59500, 14),
('劉柏村', '維修經理', 'F01', '高雄市', '鼓山區明倫路514巷19號', '07-5836967', 804, 31000, 7),
('季正杰', '資深工程師', 'F01', '嘉義市', '中正路690號', '05-3714666', 600, 61000, 7),
('顧舜生', '系統工程師', 'G01', '台中市', '台中工業區37路46號', '04-3594510', 400, 33300, 7),
('祝閔豪', '系統工程師', 'G01', '台北市', '松山區民生東路4段54號9樓901室', '02-7152266', 105, 31500, 14),
('鄭力中', '硬體工程師', 'G01', '台北市', '長春路328號5樓之2', '02-7198303', 104, 32500, 7),
('范揚耀', '程式設計師', 'G01', '台北市', '新生南路一段121號4樓', '02-2990212', 106, 31500, 7),
('高鴻烈', '程式設計師', 'G01', '台南縣', '永康市王行路68巷263號', '06-2017777', 710, 31500, 7),
('林朝財', '資訊經理', 'G01', '高雄市', '三民區民族一路491號', '07-3410301', 807, 72000, 14),
('陳美玉', '網路工程師', 'G01', '新竹縣', '湖口鄉新竹工業區光復南路15號', '035-983683', 303, 34500, 7),
('吳淑芬', '市場分析師', 'H01', '台北市', '士林區中正路115號', '02-8822342', 111, 31500, 7),
('林俊成', '企劃專員', 'H01', '台北市', '大同區貴德街36巷5號', '02-5555601', 103, 32500, 7),
('簡清皛', '企劃專員', 'H01', '台北市', '中山北路六段75號', '02-8342662', 111, 31000, 7),
('謝彗萍', '企劃專員', 'H01', '台北市', '中山區建國北路1段88巷12號', '02-5062442', 104, 34500, 7),
('黃憲政', '企劃專員', 'H01', '台北縣', '土城市大暖路71號', '02-2683969', 236, 34500, 7),
('鄭黛明', '企劃助理', 'H01', '台北縣', '淡水鎮埤島里51-11號', '02-6222131', 251, 35500, 14),
('魏阿輝', '美工專員', 'H01', '台南市', '安南區安和路二段269號', '06-2552171', 709, 30000, 7),
('鄭元杰', '美工專員', 'H01', '台南縣', '麻豆鎮小埤里苓子林8-12號', '06-5703271', 721, 31000, 14),
('謝忠証', '美工助理', 'H01', '高雄市', '左營區新庄子路339巷3號', '07-3431236', 813, 29000, 7),
('王禾', '企劃副理', 'H01', '高雄縣', '橋頭鄉芋林路299號', '07-6116622', 825, 59000, 14),
('程光民', '企劃經理', 'H01', '雲林縣', '斗六市雲林路三段369號', '05-5222331', 640, 25600, 7),
('楊習仁', '人事經理', 'I01', '台中縣', '烏日鄉中山路一段和平巷150弄27號', '04-3372621', 414, 28900, 7),
('陳舜庭', '人事專員', 'I01', '台北市', '中山北路三段22號', '02-5925252#3408', 104, 51000, 7),
('陳建岳', '人事專員', 'I01', '台南市', '中區中山路90號4樓', '06-2260191', 700, 23000, 7),
('劉伯村', '人事專員', 'I01', '高雄市', '小港區長春路5號', '07-8023601', 812, 27500, 7),
('張財全', '人事助理', 'I01', '高雄市', '前鎮區高雄加工出口區南一路10號', '07-8111171', 806, 31000, 7),
('陳淑慧', '行政助理', 'J01', '台北市', '大安區仁愛路四段109號15樓', '02-7110990', 106, 23000, 7),
('許進發', '行政經理', 'J01', '台北市', '敦化北路201-24號8樓', '02-7177888', 105, 21000, 14),
('王芳香', '行政專員', 'J01', '新竹市', '科學工業園區工業東二路6號', '035-773121', 300, 28000, 7),
('施美芳', '行政專員', 'J01', '嘉義縣', '水上鄉回歸村北回60號', '05-2357861', 608, 69900, 7),
('劉大慶', '總機', 'J01', '彰化縣', '和美鎮彰新路二段290號', '04-7351127', 508, 30000, 14),
('沈榮治', '會計助理', 'K01', '台北市', '莒光路310號5樓', '02-3062131', 108, 41200, 14),
('王繡瑩', '會計助理', 'K01', '台北市', '復興北路181號6樓', '02-7129111', 105, 40000, 7),
('林俐君', '會計師', 'K01', '台北市', '敦化北路201-24號後棟6樓', '02-7174500', 105, 27200, 7),
('李德竹', '會計師', 'K01', '台南縣', '歸仁鄉南保村中山路734號', '06-2301171', 711, 65000, 7),
('胡富傑', '會計經理', 'K01', '桃園縣', '觀音鄉富源村35-2號', '03-4901511', 328, 34500, 7),
('唐德義', '資深會計師', 'K01', '高雄市', '林森三路193巷34號', '07-3336571', 806, 31500, 14),
('鍾海萍', '資深會計師', 'K01', '新竹市', '科學工業園區展業一路20號2樓', '035-770255', 300, 25000, 7),
('溫智傑', '圖書助理', 'L01', '台北市', '中山區南京東路一段92號8樓', '02-5316125', 104, 21000, 7),
('邱資堡', '圖書助理', 'L01', '台北市', '塔城街66號3樓', '02-5523075', 103, 28100, 7),
('洪惠芬', '圖書館專員', 'L01', '高雄縣', '大社工業區興工路1-3號', '07-3514151', 815, 11000, 14);

-- --------------------------------------------------------

--
-- 資料表結構 `exp`
--

CREATE TABLE `exp` (
  `姓名` varchar(3) DEFAULT NULL,
  `在外任職一` varchar(6) DEFAULT NULL,
  `在外任職二` varchar(13) DEFAULT NULL,
  `公司任職一` varchar(5) DEFAULT NULL,
  `公司任職二` varchar(5) DEFAULT NULL
) ENGINE=InnoDB DEFAULT CHARSET=utf8;

--
-- 傾印資料表的資料 `exp`
--

INSERT INTO `exp` (`姓名`, `在外任職一`, `在外任職二`, `公司任職一`, `公司任職二`) VALUES
('方重圍', '研發工程師', '研發經理', '研發經理', '顧問工程師'),
('何茂宗', '研發工程師', '業務專員', '業務經理', '業務副總'),
('黃慧萍', '業務助理', '業務祕書', '特別助理', '業務經理'),
('林建興', '軔體工程師', '研發工程師', '研發工程師', '研發副總'),
('蔡豪鈞', '硬體工程師', '工程副理', '研發工程師', '研發經理'),
('林森和', '工程部助理', '研發經理', '助理工程師', '研發經理'),
('黃志文', '硬體工程師', '軔體工程師', '研發工程師', '研發副理'),
('張藍方', '生技工程師', '維修工程師', '研發工程師', '研發經理'),
('徐煥坤', '品管工程師', '電子工程師', '研發副理', '資深工程師'),
('王德惠', '工程助理', '維修工程師', '電子工程師', '研發工程師'),
('莊清媚', '機構工程師', 'PCB layout工程師', '研發工程師', '研發經理'),
('張景松', '採購專員', '研發工程師', '副工程師', '研發工程師'),
('李垂文', '維修工程師', '工程部經理', '研發副理', '研發工程師'),
('盧大為', '軔體工程師', 'FAE經理', '研發工程師', '研發經理'),
('江正維', '硬體工程師', '維修工程師', '維修工程師', '研發工程師'),
('鍾智慧', '系統分析師', '軔體工程師', '電子工程師', '研發工程師'),
('方鎮深', '市場開發', '電子工程師', '研發工程師', '副工程師'),
('楊銘哲', '工程部副理', 'FAE經理', '研發工程師', '研發副理'),
('王演銓', '資訊人員', '工程副理', '維修經理', '研發經理'),
('易君揚', '工程助理', '業務專員', '助理工程師', '業務專員'),
('鄭秀家', '業務經理', '總經理', '業務經理', '業務副總'),
('王玉治', '業務代表', '業務經理', '業務副理', '業務專員'),
('林鳳春', '研發工程師', '業務工程師', '業務專員', '業務專員'),
('葉秀珠', '行政助理', '業務專員', '業務助理', '業務專員'),
('陳曉蘭', '業務專員', '業務副理', '業務專員', '業務經理'),
('吳美成', '電子工程師', '業務專員', '業務專員', '資深專員'),
('莊國雄', '業務代表', '業務經理', '業務副理', '業務專員'),
('向大鵬', '業務助理', '業務專員', '業務專員', '業務專員'),
('陳詔芳', '採購助理', '業務專員', '業務助理', '業務專員'),
('陳雅賢', '市場分析經理', '業務副理', '業務副理', '業務經理'),
('吳國信', '維修工程師', '電子工程師', '業務專員', '資深專員'),
('張志輝', '業務專員', '業務經理', '業務副理', '業務經理'),
('林玉堂', '硬體工程師', '電子工程師', '業務專員', '業務經理'),
('張世興', '業務助理', '業務專員', '業務助理', '業務經理'),
('朱金倉', '業務專員', '業務副理', '業務專員', '業務經理'),
('謝穎青', '維修工程師', '業務代表', '業務專員', '資深專員'),
('毛渝南', '業務專員', '業務代表', '業務副理', '業務經理'),
('郭曜明', '採購專員', '業務專員', '業務專員', '業務經理'),
('李進祿', '軔體工程師', '業務專員', '業務專員', '業務經理'),
('陳惠娟', '會計助理', '業務經理', '業務助理', '業務經理'),
('林鵬翔', '業務專員', '業務經理', '業務副理', '業務經理'),
('黃大倫', '會計專員', '採購專員', '採購專員', '採購經理'),
('黃振清', '維修工程師', '電子工程師', '採購專員', '採購副理'),
('林國和', '電子工程師', '研發工程師', '維修助理', '採購專員'),
('黃秋好', '硬體工程師', '總務人員', '採購專員', '行政專員'),
('陳弘昌', '採購助理', '行政專員', '採購助理', '行政專員'),
('張琪', '行政助理', '行政專員', '採購助理', '行政專員'),
('許鴻章', '數位工程師', '電子工程師', '研發工程師', '維修經理'),
('連邦俊', '工程助理', '行政專員', '維修助理', '行政專員'),
('張治', '軔體工程師', '電子工程師', '維修助理', '研發工程師'),
('吳寶珠', '技術員', '品管工程師', '採購專員', '維修工程師'),
('洪毓祥', '製程工程師', '技術支援工程師', '維修工程師', '研發工程師'),
('丁組長', '研發助理', '測試工程師', '助理工程師', '研發工程師'),
('李秋煌', '電子工程師', '維修技術員', '助理工程師', '研發工程師'),
('何信穎', '測試工程師', '產品工程師', '副工程師', '研發工程師'),
('陳福金', '生技工程師', 'CAD工程師', '助理工程師', '副工程師'),
('林靜秋', '品管工程師', '測試經理', '副工程師', '維修副理'),
('劉柏村', '電子工程師', '工程經理', '維修工程師', '維修經理'),
('季正杰', '軔體工程師', '產品工程師', '研發工程師', '資深工程師'),
('顧舜生', '系統分析師', '軟體工程師', '研發工程師', '系統工程師'),
('祝閔豪', '程式設計師', '資訊專員', '系統工程師', '研發工程師'),
('鄭力中', '電子工程師', '半導體工程師', '硬體工程師', '研發工程師'),
('范揚耀', '系統開發師', '軟體工程師', '程式設計師', '研發工程師'),
('高鴻烈', '軟體工程師', '資訊專員', '研發工程師', '程式設計師'),
('林朝財', '軟體工程師', '系統分析師', '系統工程師', '資訊經理'),
('陳美玉', '硬體工程師', '技術支援工程師', '網路工程師', '研發工程師'),
('吳淑芬', '廣告企劃', '市場分析員', '企劃專員', '市場分析師'),
('林俊成', '產品企劃', '行政企劃', '企劃專員', '行政助理'),
('簡清皛', '研發企劃', '外銷企劃', '企劃專員', '行政助理'),
('謝彗萍', '行政助理', '行政專員', '企劃助理', '企劃專員'),
('黃憲政', '廣告助理', '廣告企劃', '企劃專員', '行政助理'),
('鄭黛明', '企劃助理', '行政專員', '企劃助理', '行政助理'),
('魏阿輝', '設計助理', '行政專員', '美工助理', '美工專員'),
('鄭元杰', '廣告美編', '影像設計師', '美工專員', '行政助理'),
('謝忠証', '廣告助理', '行政專員', '美工助理', '行政助理'),
('王禾', '廣告企劃', '美工設計師', '企劃專員', '企劃副理'),
('程光民', '產品企劃', '行銷企劃專員', '企劃專員', '企劃經理'),
('楊習仁', '人事專員', '行政副理', '人事專員', '人事經理'),
('陳舜庭', '行政專員', '會計行政人員', '人事專員', '行政助理'),
('陳建岳', '門市人員', '業務助理', '人事助理', '人事專員'),
('劉伯村', '總務專員', '行政專員', '行政專員', '人事專員'),
('張財全', '發行助理', '行政專員', '人事助理', '行政專員'),
('陳淑慧', '鍵檔小姐', '行政專員', '行政助理', '行政專員'),
('許進發', '行政經理', '人事主任', '行政經理', '行政專員'),
('王芳香', '行政助理', '行政專員', '行政專員', '行政專員'),
('施美芳', '行政人員', '會計人員', '行政助理', '行政專員'),
('劉大慶', '工讀生', '行政助理', '總機', '行政專員'),
('沈榮治', '總機', '行政助理', '會計助理', '行政專員'),
('王繡瑩', '會計助理', '會計專員', '會計助理', '行政專員'),
('林俐君', '專櫃人員', '行政助理', '人事專員', '會計專員'),
('李德竹', '採購專員', '主管祕書', '會計助理', '會計專員'),
('胡富傑', '會計專員', '會計主任', '會計專員', '會計經理'),
('唐德義', '行政專員', '會計', '會計專員', '會計師'),
('鍾海萍', '會計', '總務專員', '會計專員', '會計師'),
('溫智傑', '搬運工', '服務生', '圖書助理', '行政助理'),
('邱資堡', '服務生', '搬運工', '圖書助理', '行政助理'),
('洪惠芬', '行政助理', '人事行政專員', '行政專員', '圖書館專員');

-- --------------------------------------------------------

--
-- 資料表結構 `leave`
--

CREATE TABLE `leave` (
  `姓名` varchar(3) DEFAULT NULL,
  `假別` varchar(2) DEFAULT NULL,
  `年` int(2) DEFAULT NULL,
  `月` int(2) DEFAULT NULL,
  `天數` int(1) DEFAULT NULL
) ENGINE=InnoDB DEFAULT CHARSET=utf8;

--
-- 傾印資料表的資料 `leave`
--

INSERT INTO `leave` (`姓名`, `假別`, `年`, `月`, `天數`) VALUES
('方重圍', '休假', 89, 1, 4),
('李垂文', '事假', 89, 1, 2),
('林鵬翔', '病假', 89, 1, 1),
('唐德義', '休假', 89, 1, 1),
('徐煥坤', '婚假', 89, 1, 7),
('許鴻章', '休假', 89, 1, 2),
('黃秋好', '事假', 89, 1, 2),
('黃振清', '病假', 89, 1, 1),
('王演銓', '休假', 89, 2, 2),
('王德惠', '休假', 89, 2, 3),
('向大鵬', '休假', 89, 2, 1),
('吳淑芬', '病假', 89, 2, 1),
('李垂文', '事假', 89, 2, 2),
('洪惠芬', '事假', 89, 2, 2),
('徐煥坤', '病假', 89, 2, 2),
('莊清媚', '病假', 89, 2, 1),
('陳美玉', '休假', 89, 2, 3),
('鄭秀家', '病假', 89, 2, 2),
('王演銓', '病假', 89, 3, 1),
('王德惠', '事假', 89, 3, 2),
('王繡瑩', '事假', 89, 3, 2),
('何茂宗', '喪假', 89, 3, 8),
('李垂文', '事假', 89, 3, 1),
('沈榮治', '休假', 89, 3, 2),
('林俊成', '病假', 89, 3, 1),
('施美芳', '休假', 89, 3, 3),
('高鴻烈', '事假', 89, 3, 2),
('陳弘昌', '病假', 89, 3, 1),
('謝穎青', '喪假', 89, 3, 6),
('朱金倉', '事假', 89, 4, 1),
('李垂文', '病假', 89, 4, 3),
('季正杰', '休假', 89, 4, 2),
('林俊成', '休假', 89, 4, 4),
('林國和', '事假', 89, 4, 1),
('張景松', '休假', 89, 4, 5),
('張琪', '休假', 89, 4, 3),
('莊國雄', '病假', 89, 4, 2),
('莊清媚', '病假', 89, 4, 2),
('陳弘昌', '病假', 89, 4, 1),
('陳淑慧', '事假', 89, 4, 2),
('黃秋好', '休假', 89, 4, 3),
('盧大為', '事假', 89, 4, 2),
('簡清皛', '病假', 89, 4, 1),
('王芳香', '病假', 89, 5, 2),
('李進祿', '休假', 89, 5, 3),
('林鳳春', '休假', 89, 5, 3),
('邱資堡', '事假', 89, 5, 2),
('高鴻烈', '婚假', 89, 5, 6),
('黃大倫', '事假', 89, 5, 2),
('黃憲政', '休假', 89, 5, 2),
('謝彗萍', '病假', 89, 5, 2),
('吳美成', '婚假', 89, 6, 7),
('易君揚', '事假', 89, 6, 2),
('林國和', '休假', 89, 6, 7),
('林朝財', '病假', 89, 6, 1),
('林朝財', '病假', 89, 6, 1),
('張景松', '休假', 89, 6, 2),
('張琪', '事假', 89, 6, 1),
('莊清媚', '病假', 89, 6, 1),
('郭曜明', '病假', 89, 6, 2),
('黃秋好', '病假', 89, 6, 1),
('溫智傑', '休假', 89, 6, 1),
('鄭力中', '病假', 89, 6, 1),
('盧大為', '事假', 89, 6, 1),
('徐煥坤', '事假', 89, 7, 1),
('張景松', '休假', 89, 7, 2),
('陳弘昌', '休假', 89, 7, 3),
('林靜秋', '事假', 89, 8, 2),
('胡富傑', '病假', 89, 8, 2),
('張世興', '休假', 89, 8, 1),
('張景松', '休假', 89, 8, 1),
('莊清媚', '休假', 89, 8, 1),
('許鴻章', '休假', 89, 8, 1),
('陳美玉', '事假', 89, 8, 1),
('黃大倫', '喪假', 89, 8, 2),
('蔡豪鈞', '休假', 89, 8, 2),
('盧大為', '喪假', 89, 8, 2),
('顧舜生', '事假', 89, 8, 1),
('祝閔豪', '事假', 89, 9, 2),
('許進發', '事假', 89, 9, 2),
('鄭黛明', '事假', 89, 10, 1),
('鍾海萍', '病假', 89, 11, 1),
('鍾智慧', '病假', 89, 12, 1);

-- --------------------------------------------------------

--
-- 資料表結構 `overtime`
--

CREATE TABLE `overtime` (
  `姓名` varchar(3) DEFAULT NULL,
  `年` int(2) DEFAULT NULL,
  `月` int(2) DEFAULT NULL,
  `日` int(2) DEFAULT NULL,
  `加班時數` int(1) DEFAULT NULL
) ENGINE=InnoDB DEFAULT CHARSET=utf8;

--
-- 傾印資料表的資料 `overtime`
--

INSERT INTO `overtime` (`姓名`, `年`, `月`, `日`, `加班時數`) VALUES
('莊清媚', 89, 12, 3, 2),
('張景松', 89, 12, 3, 1),
('盧大為', 89, 12, 4, 2),
('江正維', 89, 12, 5, 3),
('鍾智慧', 89, 12, 6, 2),
('方鎮深', 89, 12, 8, 4),
('黃慧萍', 89, 12, 9, 1),
('李垂文', 89, 12, 11, 2),
('張景松', 89, 12, 13, 1),
('黃慧萍', 89, 12, 17, 2),
('林建興', 89, 12, 19, 1),
('莊清媚', 89, 1, 3, 2),
('張景松', 89, 1, 3, 1),
('盧大為', 89, 1, 4, 2),
('江正維', 89, 1, 5, 3),
('鍾智慧', 89, 1, 6, 2),
('方鎮深', 89, 1, 8, 4),
('黃慧萍', 89, 1, 9, 1),
('李垂文', 89, 1, 11, 2),
('張景松', 89, 1, 13, 1),
('黃慧萍', 89, 1, 17, 2),
('林建興', 89, 1, 19, 1),
('莊清媚', 89, 1, 20, 2),
('王德惠', 89, 1, 22, 4),
('林森和', 89, 1, 24, 1),
('黃志文', 89, 1, 25, 2),
('黃慧萍', 89, 1, 26, 2),
('張藍方', 89, 1, 26, 2),
('楊銘哲', 89, 1, 28, 5),
('徐煥坤', 89, 1, 29, 1),
('黃志文', 89, 2, 1, 3),
('張藍方', 89, 2, 1, 1),
('徐煥坤', 89, 2, 2, 2),
('江正維', 89, 2, 4, 6),
('林鳳春', 89, 2, 5, 3),
('葉秀珠', 89, 2, 6, 2),
('莊國雄', 89, 2, 7, 1),
('吳美成', 89, 2, 8, 2),
('陳曉蘭', 89, 2, 9, 4),
('陳詔芳', 89, 2, 11, 6),
('易君揚', 89, 2, 15, 2),
('王演銓', 89, 2, 16, 1),
('陳雅賢', 89, 3, 8, 2),
('張琪', 89, 3, 8, 3),
('郭曜明', 89, 3, 12, 2),
('李進祿', 89, 3, 15, 2),
('陳弘昌', 89, 3, 21, 1),
('黃志文', 89, 3, 22, 2),
('張藍方', 89, 3, 22, 2),
('徐煥坤', 89, 3, 22, 1),
('盧大為', 89, 3, 23, 3),
('江正維', 89, 3, 23, 4),
('許鴻章', 89, 3, 24, 4),
('吳國信', 89, 3, 25, 1),
('黃振清', 89, 3, 25, 2),
('黃大倫', 89, 3, 26, 1),
('張志輝', 89, 3, 27, 3),
('陳惠娟', 89, 3, 27, 2),
('林鵬翔', 89, 3, 28, 2),
('林國和', 89, 3, 29, 2),
('張治', 89, 3, 29, 6),
('林玉堂', 89, 3, 30, 2),
('毛渝南', 89, 3, 30, 2),
('吳寶珠', 89, 4, 8, 1),
('洪毓祥', 89, 4, 8, 1),
('丁組長', 89, 4, 9, 1),
('李秋煌', 89, 4, 9, 2),
('祝閔豪', 89, 4, 20, 4),
('王德惠', 89, 4, 22, 2),
('劉柏村', 89, 4, 24, 3),
('何信穎', 89, 4, 25, 4),
('陳福金', 89, 4, 26, 3),
('鄭力中', 89, 4, 28, 7),
('盧大為', 89, 4, 29, 2),
('江正維', 89, 4, 30, 2),
('許鴻章', 89, 5, 2, 2),
('吳國信', 89, 5, 7, 1),
('黃振清', 89, 5, 8, 3),
('黃大倫', 89, 5, 10, 2),
('張志輝', 89, 5, 11, 3),
('陳惠娟', 89, 5, 13, 2),
('林鵬翔', 89, 5, 13, 2),
('林國和', 89, 5, 14, 1),
('張治', 89, 5, 16, 2),
('黃憲政', 89, 5, 17, 3),
('陳建岳', 89, 5, 18, 4),
('張財全', 89, 5, 18, 5),
('陳淑慧', 89, 5, 18, 4),
('林俊成', 89, 5, 20, 3),
('王禾', 89, 5, 21, 2),
('莊清媚', 89, 5, 22, 1),
('張景松', 89, 5, 22, 2),
('謝彗萍', 89, 5, 25, 3),
('劉伯村', 89, 5, 25, 4),
('簡清皛', 89, 5, 31, 3),
('李垂文', 89, 6, 3, 2),
('王芳香', 89, 6, 5, 1),
('鍾海萍', 89, 6, 5, 2),
('施美芳', 89, 6, 6, 1),
('唐德義', 89, 6, 7, 2),
('溫智傑', 89, 6, 10, 2),
('劉大慶', 89, 6, 13, 1),
('胡富傑', 89, 6, 21, 1),
('李垂文', 89, 6, 22, 4),
('沈榮治', 89, 6, 25, 3),
('王繡瑩', 89, 6, 26, 3),
('林俐君', 89, 6, 27, 2),
('邱資堡', 89, 6, 27, 1),
('李德竹', 89, 6, 28, 2),
('唐德義', 89, 6, 29, 5);

-- --------------------------------------------------------

--
-- 資料表結構 `person`
--

CREATE TABLE `person` (
  `姓名` varchar(3) DEFAULT NULL,
  `年齡` int(2) DEFAULT NULL,
  `性別` varchar(1) DEFAULT NULL,
  `出生地` varchar(3) DEFAULT NULL,
  `籍貫` varchar(3) DEFAULT NULL,
  `到職年` int(2) DEFAULT NULL,
  `專長一` varchar(12) DEFAULT NULL,
  `專長二` varchar(12) DEFAULT NULL,
  `第一外語` varchar(2) DEFAULT NULL,
  `第二外語` varchar(2) DEFAULT NULL
) ENGINE=InnoDB DEFAULT CHARSET=utf8;

--
-- 傾印資料表的資料 `person`
--

INSERT INTO `person` (`姓名`, `年齡`, `性別`, `出生地`, `籍貫`, `到職年`, `專長一`, `專長二`, `第一外語`, `第二外語`) VALUES
('方重圍', 60, '男', '桃園縣', '北平', 69, '市場分析', '談判技巧', '日語', '英語'),
('何茂宗', 48, '男', '台北市', '高雄縣', 64, '業務規劃', '業務拓展', '英語', '日語'),
('黃慧萍', 30, '女', '台北縣', '台北縣', 76, '市場公關', '業務管理', '英語', '日語'),
('林建興', 46, '男', '屏東市', '屏東市', 74, '半導體設計', '系統整合', '英語', '日語'),
('蔡豪鈞', 50, '男', '桃園縣', '桃園縣', 75, '溝通協調', 'PC銷售', '英語', '日語'),
('林森和', 32, '男', '高雄市', '高雄市', 76, '主機板研發', '數位電路', '英語', ''),
('黃志文', 28, '男', '台北市', '台北市', 82, '電子電路', '數位電路', '', ''),
('張藍方', 38, '男', '台北市', '台北市', 78, '主機板設計', 'BIOS設計', '英語', ''),
('徐煥坤', 42, '男', '台北市', '台北市', 75, '主機板研發', '工程管理', '英語', ''),
('王德惠', 37, '男', '台北縣', '台北縣', 73, '數位電路', '電子電路', '英語', '日語'),
('莊清媚', 31, '女', '台北縣', '台北縣', 76, '電子電路', '數位電路', '', ''),
('張景松', 30, '男', '台中市', '台中市', 79, 'PCB layout', '電子電路', '', ''),
('李垂文', 28, '男', '台中市', '台中市', 81, '電子電路', '主機板研發', '英語', '日語'),
('盧大為', 36, '男', '台中縣', '台中縣', 78, '視訊卡研發', '類比線路', '英語', ''),
('江正維', 40, '男', '台北市', '台北市', 76, '視訊卡研發', '數位線路', '英語', '日語'),
('鍾智慧', 30, '女', '台北市', '台北市', 78, '電子電路', 'WORD', '', ''),
('方鎮深', 34, '男', '台北市', '台北市', 79, '數位線路', '電子電路', '日語', '英語'),
('楊銘哲', 30, '男', '台北市', '台北市', 81, '訊號測試', '數位電路', '英語', ''),
('王演銓', 44, '男', '台北市', '台北市', 76, 'SCSI卡研發', '電子電路', '英語', ''),
('易君揚', 46, '男', '桃園縣', '桃園縣', 75, 'SCSI卡研發', '數位電路', '英語', '日語'),
('鄭秀家', 26, '女', '桃園縣', '桃園縣', 83, '界面卡測試', '電子電路', '英語', ''),
('王玉治', 40, '女', '台中縣', '台中縣', 80, '業務拓展', '人員教育', '英語', '日語'),
('林鳳春', 32, '女', '台北市', '台北市', 80, '業務行銷', 'EXCEL', '英語', ''),
('葉秀珠', 25, '女', '台北市', '台北市', 82, '業務催收款', '文書處理', '', ''),
('陳曉蘭', 46, '女', '台南縣', '台南縣', 79, '業務規劃', '業務拓展', '英語', ''),
('吳美成', 39, '女', '彰化縣', '彰化縣', 76, '業務行銷', '業務拓展', '英語', '日語'),
('莊國雄', 34, '男', '台中縣', '台中縣', 81, '業務洽商', '產品規劃', '英語', '日語'),
('向大鵬', 30, '男', '台北市', '台北市', 81, '業務行銷', '積極拜訪客戶', '', ''),
('陳詔芳', 23, '女', '高雄市', '高雄市', 82, '資料分析', '催收款', '', ''),
('陳雅賢', 40, '男', '新竹縣', '新竹縣', 76, '產品拓展', '業務管理', '英語', '韓語'),
('吳國信', 36, '男', '彰化縣', '彰化縣', 75, 'PC 銷售', '主機板行銷', '英語', '日語'),
('張志輝', 43, '男', '台中縣', '台中縣', 81, '溝通協調', '談判技巧', '英語', ''),
('林玉堂', 28, '男', '台北市', '台北市', 82, '業務拓展', 'WORD', '英語', '日語'),
('張世興', 26, '男', '台北縣', '台北縣', 83, '文書管理', 'NOTES', '', ''),
('朱金倉', 43, '男', '高雄市', '高雄市', 80, '新產品行銷', 'NOTES', '英語', '日語'),
('謝穎青', 38, '女', '高雄縣', '高雄縣', 76, '業務銷售', '視訊卡架構', '英語', '日語'),
('毛渝南', 36, '男', '台北市', '台北市', 81, '產品規劃', '溝通協調', '英語', ''),
('郭曜明', 32, '男', '台北市', '台北市', 81, '業務拓展', 'LOTUS', '英語', ''),
('李進祿', 31, '男', '台北市', '台北市', 80, '業務行銷', 'LOTUS', '英語', ''),
('陳惠娟', 26, '女', '高雄市', '高雄市', 82, '文書處理', 'POP字體', '', ''),
('林鵬翔', 44, '男', '彰化縣', '彰化縣', 76, '業務分析', '企圖心強', '英語', '日語'),
('黃大倫', 49, '男', '台中縣', '台中縣', 75, '硬體採購', '物料分析', '英語', ''),
('黃振清', 42, '男', '台北市', '台北市', 78, '倉庫管理', 'ACCESS', '英語', ''),
('林國和', 30, '男', '台北市', '台北市', 81, '電子零件採購', '熟PC', '英語', ''),
('黃秋好', 31, '女', '台北市', '台北市', 82, '半導體採購', 'ACCESS', '英語', ''),
('陳弘昌', 28, '男', '台南縣', '台南縣', 82, 'LOTUS 123', 'EXCEL', '', ''),
('張琪', 27, '女', '桃園縣', '桃園縣', 83, 'EXCEL', 'WORD', '', ''),
('許鴻章', 45, '男', '彰化縣', '彰化縣', 78, '市場分析', '物料管理', '英語', '日語'),
('連邦俊', 24, '男', '台北市', '台北市', 82, 'IDE卡維修', '數位電路', '', ''),
('張治', 30, '男', '台北市', '台北市', 79, '視訊卡維修', 'IDE卡維修', '', ''),
('吳寶珠', 35, '女', '台北市', '台北市', 80, '主機板維修', 'SCSI卡維修', '英語', ''),
('洪毓祥', 31, '男', '台北市', '台北市', 83, '主機板維修', '視訊卡維修', '英語', ''),
('丁組長', 28, '男', '台北市', '台北市', 82, 'IDE卡維修', 'SCSI卡維修', '', ''),
('李秋煌', 27, '女', '台北市', '台北市', 81, 'SCSI卡維修', 'IDE卡維修', '', ''),
('何信穎', 30, '男', '台北縣', '台北縣', 81, 'SCSI卡維修', '主機板維修', '日語', ''),
('陳福金', 31, '男', '台北縣', '台北縣', 79, '視訊卡維修', 'SCSI卡維修', '英語', ''),
('林靜秋', 42, '女', '桃園縣', '桃園縣', 79, '視訊卡維修', '主機板維修', '英語', ''),
('劉柏村', 46, '男', '高雄市', '高雄市', 77, '主機板維修', '視訊卡維修', '英語', '日語'),
('季正杰', 40, '男', '嘉義市', '嘉義市', 77, '主機板維修', '視訊卡維修', '英語', ''),
('顧舜生', 35, '男', '台中市', '台中市', 79, 'AS-400', 'PC', '英語', ''),
('祝閔豪', 36, '男', '台北市', '台北市', 82, 'AS-400', 'PC', '英語', ''),
('鄭力中', 38, '男', '台北市', '台北市', 81, '個人PC組裝', '網路硬體架構', '英語', ''),
('范揚耀', 30, '男', '台北市', '台北市', 83, 'Foxpro', 'Clipper', '英語', ''),
('高鴻烈', 29, '男', '台南縣', '台南縣', 78, 'Visual BASIC', 'Delphi', '英語', ''),
('林朝財', 42, '男', '高雄市', '高雄市', 75, 'C++', 'Visual BASIC', '英語', '日語'),
('陳美玉', 35, '女', '新竹縣', '新竹縣', 82, 'NOVELL', 'WINDOWS NT', '英語', ''),
('吳淑芬', 40, '女', '台北市', '台北市', 81, '資訊分析', '證券分析', '英語', '日語'),
('林俊成', 28, '男', '台北市', '台北市', 82, '廣告企劃', '市場分析', '英語', ''),
('簡清皛', 31, '男', '台北市', '台北市', 81, '行銷企劃', '廣告設計', '', ''),
('謝彗萍', 29, '女', '台北市', '台北市', 79, '研討會企劃', '名單管理', '英語', ''),
('黃憲政', 27, '男', '台北縣', '台北縣', 83, '名單分析', '行銷企劃', '', ''),
('鄭黛明', 26, '女', '台北縣', '台北縣', 82, '文書處理', 'EXCEL', '', ''),
('魏阿輝', 28, '男', '台南市', '台南市', 81, '平面美工', '行銷企劃', '', ''),
('鄭元杰', 35, '男', '台南縣', '台南縣', 82, '包裝設計', '平面美工', '', ''),
('謝忠証', 27, '男', '高雄市', '高雄市', 82, '海報繪製', 'POP字體', '', ''),
('王禾', 40, '女', '高雄縣', '高雄縣', 76, '廣告企劃', '產品企劃', '英語', ''),
('程光民', 44, '男', '雲林縣', '雲林縣', 76, '產品企劃', '行銷企劃', '英語', '日語'),
('楊習仁', 40, '男', '台中縣', '台中縣', 81, '人事管理', '溝通藝術', '英語', '日語'),
('陳舜庭', 31, '男', '台北市', '台北市', 83, '人事行政', 'WORD', '', ''),
('陳建岳', 30, '男', '台南市', '台南市', 81, '人事行政', '文書處理', '英語', ''),
('劉伯村', 29, '男', '高雄市', '高雄市', 79, '人事行政', '文書處理', '', ''),
('張財全', 24, '男', '高雄市', '高雄市', 83, '文書處理', 'LOTUS', '', ''),
('陳淑慧', 23, '女', '台北市', '台北市', 82, '細心負責', 'EXCEL', '', ''),
('許進發', 50, '男', '台北市', '台北市', 82, '行政管理', '人事行政', '', ''),
('王芳香', 38, '女', '新竹市', '新竹市', 83, '公共行政', '熟PC軟體', '英語', ''),
('施美芳', 30, '女', '嘉義縣', '嘉義縣', 79, '人事行政', '文書處理', '', ''),
('劉大慶', 23, '女', '彰化縣', '彰化縣', 83, '行政事務', 'LOTUS', '', ''),
('沈榮治', 26, '男', '台北市', '台北市', 83, '文書處理', 'LOTUS', '', ''),
('王繡瑩', 25, '女', '台北市', '台北市', 81, '初等會計', '文書處理', '', ''),
('林俐君', 31, '女', '台北市', '台北市', 80, '成本會計', 'LOTUS', '英語', ''),
('李德竹', 35, '男', '台南縣', '台南縣', 79, '成本會計', 'EXCEL', '', ''),
('胡富傑', 40, '男', '桃園縣', '桃園縣', 74, '成本會計', '稅務', '英語', ''),
('唐德義', 43, '男', '高雄市', '高雄市', 73, '成本會計', '帳務處理', '', ''),
('鍾海萍', 47, '女', '新竹市', '新竹市', 74, '成本會計', '稅務', '英語', ''),
('溫智傑', 20, '男', '台北市', '台北市', 83, 'LOTUS 123', 'LOTUS', '', ''),
('邱資堡', 21, '男', '台北市', '台北市', 83, '文書處理', 'NOTES', '', ''),
('洪惠芬', 30, '女', '高雄縣', '高雄縣', 82, '圖書管理', '文書處理', '英語', '');

-- --------------------------------------------------------

--
-- 資料表結構 `product`
--

CREATE TABLE `product` (
  `產品名稱` varchar(30) DEFAULT NULL,
  `產品代號` varchar(10) DEFAULT NULL,
  `單價` int(5) DEFAULT NULL,
  `成本` int(5) DEFAULT NULL
) ENGINE=InnoDB DEFAULT CHARSET=utf8;

--
-- 傾印資料表的資料 `product`
--

INSERT INTO `product` (`產品名稱`, `產品代號`, `單價`, `成本`) VALUES
('486主機板VL slot *3 16MB RAM', 'MB486V3R16', 13500, 8100),
('486主機板VL slot *3 32MB RAM', 'MB486V3R32', 24600, 14500),
('486主機板PCI slot *3 16MB RAM', 'MB486P3R16', 15200, 8400),
('486主機板PCI slot *3 32MB RAM', 'MB486P3R32', 26000, 16700),
('585主機板PCI slot *3 32MB RAM', 'MB586P3R32', 32000, 19200),
('586主機板PCI slot *3 16MB RAM', 'MB586P3R16', 15500, 9200),
('586主機板VL slot *3 32MB RAM', 'MB586V3R32', 36500, 22000),
('586主機板VL slot *3 16MB RAM', 'MB586V3R16', 15200, 8780),
('586主機板EISA slot *3 32MB RAM', 'MB586E3R32', 41200, 24300),
('586主機板EISA slot *3 16MB RAM', 'MB586E3R16', 18800, 9900),
('586主機板EISA slot *7 32MB RAM', 'MB586E7R32', 42300, 24950),
('586主機板EISA slot *7 16MB RAM', 'MB586E7R16', 21500, 12000),
('SuperVGA 1280*1024 VL BUS 1MB', 'SVGAV1M', 3850, 2400),
('SuperVGA 1280*1024 VL BUS 2MB', 'SVGAV2M', 4680, 2850),
('SuperVGA 1280*1024 PCI BUS 1MB', 'SVGAP1M', 4120, 2450),
('SuperVGA 1280*1024 PCI BUS 2MB', 'SVGAP2M', 4950, 2900),
('SCSIcard PCI BUS', 'SCSIPB', 2200, 1300),
('SCSIcard VL BUS', 'SCSIVB', 1950, 1240),
('EnhanceIDE PCI BUS', 'EIDE1RP', 2200, 1250),
('EnhanceIDE VL BUS', 'EIDE2RP', 1560, 990);

-- --------------------------------------------------------

--
-- 資料表結構 `quota`
--

CREATE TABLE `quota` (
  `業務姓名` varchar(3) DEFAULT NULL,
  `業績目標90` int(8) DEFAULT NULL,
  `業績目標89` int(8) DEFAULT NULL,
  `業績目標88` int(8) DEFAULT NULL
) ENGINE=InnoDB DEFAULT CHARSET=utf8;

--
-- 傾印資料表的資料 `quota`
--

INSERT INTO `quota` (`業務姓名`, `業績目標90`, `業績目標89`, `業績目標88`) VALUES
('王玉治', 42000000, 40000000, 38000000),
('林鳳春', 36000000, 34000000, 32000000),
('吳美成', 42000000, 40000000, 38000000),
('莊國雄', 44000000, 42000000, 40000000),
('向大鵬', 36000000, 33000000, 30000000),
('吳國信', 36000000, 33000000, 30000000),
('張志輝', 44000000, 42000000, 40000000),
('林玉堂', 36000000, 33000000, 30000000),
('謝穎青', 36000000, 34000000, 32000000),
('毛渝南', 44000000, 42000000, 40000000),
('郭曜明', 42000000, 40000000, 38000000),
('李進祿', 36000000, 33000000, 30000000),
('陳雅賢', 42000000, 40000000, 38000000),
('陳曉蘭', 36000000, 33000000, 30000000),
('林鵬翔', 36000000, 33000000, 30000000),
('朱金倉', 44000000, 42000000, 40000000);

-- --------------------------------------------------------

--
-- 資料表結構 `quota1`
--

CREATE TABLE `quota1` (
  `業務姓名` varchar(3) DEFAULT NULL,
  `業績目標93` int(8) DEFAULT NULL,
  `業績目標92` int(8) DEFAULT NULL,
  `業績目標91` int(8) DEFAULT NULL
) ENGINE=InnoDB DEFAULT CHARSET=utf8;

--
-- 傾印資料表的資料 `quota1`
--

INSERT INTO `quota1` (`業務姓名`, `業績目標93`, `業績目標92`, `業績目標91`) VALUES
('王玉治', 46000000, 43000000, 40000000),
('林鳳春', 36000000, 33000000, 30000000),
('吳美成', 44000000, 41000000, 38000000),
('莊國雄', 44000000, 41000000, 38000000),
('向大鵬', 36000000, 33000000, 30000000),
('吳國信', 46000000, 43000000, 40000000),
('張志輝', 44000000, 41000000, 38000000),
('林玉堂', 36000000, 33000000, 30000000),
('謝穎青', 42000000, 39000000, 36000000),
('毛渝南', 44000000, 41000000, 38000000),
('郭曜明', 36000000, 33000000, 30000000),
('李進祿', 36000000, 33000000, 30000000),
('陳雅賢', 44000000, 41000000, 38000000),
('陳曉蘭', 44000000, 41000000, 38000000),
('林鵬翔', 36000000, 33000000, 30000000),
('朱金倉', 46000000, 43000000, 40000000);

-- --------------------------------------------------------

--
-- 資料表結構 `sales`
--

CREATE TABLE `sales` (
  `客戶代號` varchar(5) DEFAULT NULL,
  `業務姓名` varchar(3) DEFAULT NULL,
  `產品代號` varchar(10) DEFAULT NULL,
  `數量` int(4) DEFAULT NULL,
  `交易年` int(2) DEFAULT NULL,
  `交易月` int(2) DEFAULT NULL
) ENGINE=InnoDB DEFAULT CHARSET=utf8;

--
-- 傾印資料表的資料 `sales`
--

INSERT INTO `sales` (`客戶代號`, `業務姓名`, `產品代號`, `數量`, `交易年`, `交易月`) VALUES
('A0015', '李進祿', 'SVGAV2M', 2200, 88, 1),
('A0046', '莊國雄', 'SVGAV1M', 890, 88, 1),
('A0049', '吳國信', 'SVGAP2M', 1350, 88, 1),
('A0050', '張志輝', 'SCSIPB', 1250, 88, 1),
('A0053', '林鳳春', 'EIDE2RP', 1900, 88, 2),
('A0055', '郭曜明', 'MB486V3R32', 220, 88, 2),
('A0019', '陳曉蘭', 'SCSIVB', 480, 88, 3),
('A0026', '謝穎青', 'MB586E7R16', 1900, 88, 3),
('A0029', '張志輝', 'SVGAP1M', 180, 88, 3),
('A0004', '王玉治', 'MB486V3R32', 680, 88, 3),
('A0018', '朱金倉', 'SCSIPB', 240, 88, 3),
('A0033', '毛渝南', 'EIDE1RP', 580, 88, 3),
('A0034', '林鳳春', 'EIDE2RP', 900, 88, 4),
('A0036', '林鳳春', 'MB586V3R32', 860, 88, 4),
('A0039', '陳雅賢', 'MB586E3R16', 900, 88, 4),
('A0019', '陳曉蘭', 'SVGAV1M', 920, 88, 4),
('A0039', '陳雅賢', 'MB586E7R16', 1450, 88, 4),
('A0042', '王玉治', 'SVGAV1M', 1600, 88, 4),
('A0003', '莊國雄', 'SVGAV2M', 860, 88, 4),
('A0043', '朱金倉', 'SVGAV2M', 180, 88, 4),
('A0046', '莊國雄', 'SCSIPB', 1600, 88, 5),
('A0048', '陳曉蘭', 'EIDE1RP', 960, 88, 5),
('A0050', '張志輝', 'MB586V3R16', 1800, 88, 5),
('A0006', '毛渝南', 'MB486P3R32', 1200, 88, 5),
('A0021', '陳雅賢', 'EIDE2RP', 480, 88, 5),
('A0044', '謝穎青', 'SVGAP1M', 1480, 88, 5),
('A0046', '莊國雄', 'EIDE1RP', 320, 88, 5),
('A0052', '吳美成', 'MB586P3R16', 580, 88, 5),
('A0006', '毛渝南', 'SCSIPB', 60, 88, 6),
('A0008', '林玉堂', 'EIDE1RP', 1600, 88, 6),
('A0009', '朱金倉', 'EIDE2RP', 1200, 88, 6),
('A0013', '李進祿', 'MB586V3R32', 1480, 88, 6),
('A0015', '李進祿', 'MB586E3R32', 1500, 88, 6),
('A0011', '毛渝南', 'MB586V3R32', 350, 88, 6),
('A0012', '郭曜明', 'MB586V3R16', 700, 88, 6),
('A0014', '林鵬翔', 'MB586E3R16', 1400, 88, 6),
('A0047', '向大鵬', 'SVGAV2M', 1100, 88, 7),
('A0023', '張志輝', 'SCSIPB', 820, 88, 7),
('A0027', '陳雅賢', 'MB486V3R16', 1700, 88, 7),
('A0033', '毛渝南', 'MB586V3R16', 1800, 88, 7),
('A0016', '吳國信', 'MB586E3R16', 1650, 88, 7),
('A0039', '陳雅賢', 'SVGAV2M', 240, 88, 8),
('A0044', '謝穎青', 'EIDE1RP', 1200, 88, 8),
('A0008', '林玉堂', 'SVGAP1M', 1200, 88, 8),
('A0059', '向大鵬', 'SVGAV1M', 1450, 88, 8),
('A0009', '朱金倉', 'MB586V3R16', 820, 88, 8),
('A0041', '陳雅賢', 'SVGAP2M', 1100, 88, 8),
('A0051', '林鵬翔', 'MB486P3R32', 480, 88, 8),
('A0021', '陳雅賢', 'SVGAP1M', 720, 88, 9),
('A0049', '吳國信', 'MB486V3R32', 1600, 88, 9),
('A0051', '林鵬翔', 'MB486P3R32', 920, 88, 9),
('A0054', '林鳳春', 'MB586V3R16', 280, 88, 9),
('A0057', '張志輝', 'MB586E7R32', 260, 88, 9),
('A0058', '林玉堂', 'MB586E7R16', 1500, 88, 9),
('A0048', '陳曉蘭', 'MB486V3R16', 520, 88, 9),
('A0010', '謝穎青', 'SCSIPB', 1680, 88, 10),
('A0011', '毛渝南', 'SCSIVB', 1480, 88, 10),
('A0023', '張志輝', 'SCSIPB', 600, 88, 10),
('A0025', '朱金倉', 'EIDE1RP', 800, 88, 10),
('A0015', '李進祿', 'EIDE2RP', 1600, 88, 10),
('A0021', '陳雅賢', 'SVGAP1M', 280, 88, 11),
('A0030', '林玉堂', 'MB486P3R32', 400, 88, 11),
('A0033', '毛渝南', 'MB586V3R16', 160, 88, 11),
('A0034', '林鳳春', 'MB586E3R32', 1600, 88, 11),
('A0038', '莊國雄', 'MB486P3R32', 800, 88, 11),
('A0017', '林玉堂', 'MB586E7R32', 2000, 88, 11),
('A0035', '陳曉蘭', 'MB486V3R16', 1500, 88, 11),
('A0041', '陳雅賢', 'MB586V3R16', 600, 88, 12),
('A0043', '朱金倉', 'MB586E3R16', 400, 88, 12),
('A0052', '吳美成', 'EIDE1RP', 1000, 88, 12),
('A0001', '王玉治', 'MB486V3R16', 350, 89, 1),
('A0014', '林鵬翔', 'SVGAV1M', 900, 89, 1),
('A0016', '吳國信', 'SVGAP1M', 1400, 89, 1),
('A0020', '向大鵬', 'EIDE1RP', 900, 89, 2),
('A0017', '林玉堂', 'SVGAP2M', 200, 89, 3),
('A0027', '陳雅賢', 'SVGAV1M', 80, 89, 3),
('A0028', '郭曜明', 'SVGAV2M', 2100, 89, 3),
('A0030', '林玉堂', 'SVGAP2M', 2800, 89, 3),
('A0031', '李進祿', 'SCSIPB', 120, 89, 3),
('A0035', '陳曉蘭', 'MB586P3R16', 1000, 89, 4),
('A0038', '莊國雄', 'MB586E3R32', 800, 89, 4),
('A0041', '陳雅賢', 'MB586E7R16', 200, 89, 4),
('A0002', '吳美成', 'SVGAV1M', 900, 89, 5),
('A0019', '陳曉蘭', 'SVGAV1M', 600, 89, 5),
('A0047', '向大鵬', 'SCSIVB', 430, 89, 5),
('A0049', '吳國信', 'EIDE2RP', 1400, 89, 5),
('A0051', '林鵬翔', 'MB586E3R32', 1900, 89, 5),
('A0052', '吳美成', 'MB586E3R16', 1750, 89, 5),
('A0053', '林鳳春', 'MB586E7R32', 340, 89, 5),
('A0004', '王玉治', 'SVGAP1M', 800, 89, 6),
('A0005', '莊國雄', 'SVGAP2M', 520, 89, 6),
('A0007', '王玉治', 'SCSIVB', 1580, 89, 6),
('A0010', '謝穎青', 'MB486P3R16', 1480, 89, 6),
('A0011', '毛渝南', 'MB486P3R32', 100, 89, 6),
('A0012', '郭曜明', 'MB586P3R16', 1980, 89, 6),
('A0014', '林鵬翔', 'MB586V3R16', 1500, 89, 6),
('A0016', '吳國信', 'MB586E3R16', 180, 89, 6),
('A0022', '吳國信', 'MB586V3R16', 340, 89, 6),
('A0020', '向大鵬', 'SVGAV2M', 1000, 89, 7),
('A0024', '吳國信', 'SCSIVB', 600, 89, 7),
('A0025', '朱金倉', 'EIDE1RP', 1400, 89, 7),
('A0031', '李進祿', 'MB586P3R16', 180, 89, 7),
('A0032', '林鵬翔', 'MB586V3R32', 2100, 89, 7),
('A0017', '林玉堂', 'MB586E7R32', 1440, 89, 8),
('A0035', '陳曉蘭', 'MB586E3R16', 1200, 89, 8),
('A0036', '林鳳春', 'MB586E7R32', 160, 89, 8),
('A0037', '吳美成', 'MB586E7R16', 600, 89, 8),
('A0040', '向大鵬', 'SVGAP1M', 220, 89, 8),
('A0042', '王玉治', 'SCSIPB', 260, 89, 8),
('A0045', '吳美成', 'EIDE2RP', 1400, 89, 8),
('A0047', '向大鵬', 'MB586V3R32', 1200, 89, 8),
('A0048', '陳曉蘭', 'MB486V3R16', 1400, 89, 9),
('A0050', '張志輝', 'MB486P3R16', 1100, 89, 9),
('A0052', '吳美成', 'MB586P3R16', 1020, 89, 9),
('A0053', '林鳳春', 'MB586V3R32', 250, 89, 9),
('A0055', '郭曜明', 'MB586E3R32', 130, 89, 9),
('A0056', '毛渝南', 'MB586E3R16', 160, 89, 9),
('A0060', '謝穎青', 'SVGAV2M', 1400, 89, 9),
('A0009', '朱金倉', 'SVGAP2M', 600, 89, 10),
('A0012', '郭曜明', 'EIDE1RP', 1500, 89, 10),
('A0013', '李進祿', 'EIDE2RP', 1800, 89, 10),
('A0014', '林鵬翔', 'EIDE1RP', 1450, 89, 10),
('A0018', '朱金倉', 'MB586E7R16', 1280, 89, 10),
('A0022', '吳國信', 'SVGAP2M', 410, 89, 10),
('A0024', '吳國信', 'SCSIVB', 720, 89, 10),
('A0026', '謝穎青', 'EIDE2RP', 180, 89, 10),
('A0028', '郭曜明', 'MB486V3R32', 220, 89, 11),
('A0029', '張志輝', 'MB486P3R16', 520, 89, 11),
('A0032', '林鵬翔', 'MB586V3R32', 120, 89, 11),
('A0037', '吳美成', 'MB486P3R16', 1500, 89, 11),
('A0039', '陳雅賢', 'MB586P3R16', 980, 89, 11),
('A0018', '朱金倉', 'MB586E7R16', 300, 89, 12),
('A0040', '向大鵬', 'MB586V3R32', 820, 89, 12),
('A0042', '王玉治', 'MB586E3R32', 600, 89, 12),
('A0044', '謝穎青', 'MB586E7R32', 600, 89, 12),
('A0045', '吳美成', 'MB586E7R16', 900, 89, 12),
('A0056', '毛渝南', 'MB486P3R16', 220, 90, 3),
('A0006', '毛渝南', 'MB486V3R16', 500, 90, 6),
('A0056', '毛渝南', 'MB586E3R16', 280, 90, 7),
('A0011', '毛渝南', 'MB586E3R16', 820, 90, 10),
('A0042', '王玉治', 'SVGAP1M', 300, 90, 3),
('A0001', '王玉治', 'MB586E7R16', 400, 90, 5),
('A0007', '王玉治', 'MB586P3R16', 1050, 90, 5),
('A0007', '王玉治', 'MB486V3R32', 220, 90, 6),
('A0040', '向大鵬', 'MB586E7R32', 480, 90, 4),
('A0059', '向大鵬', 'SVGAV1M', 900, 90, 4),
('A0047', '向大鵬', 'EIDE2RP', 700, 90, 5),
('A0059', '向大鵬', 'MB586V3R32', 300, 90, 6),
('A0040', '向大鵬', 'SVGAV1M', 180, 90, 9),
('A0043', '朱金倉', 'SVGAP2M', 1000, 90, 4),
('A0009', '朱金倉', 'MB486P3R32', 200, 90, 6),
('A0043', '朱金倉', 'SCSIVB', 1100, 90, 8),
('A0025', '朱金倉', 'MB586E7R32', 800, 90, 9),
('A0002', '吳美成', 'MB486V3R16', 150, 90, 3),
('A0037', '吳美成', 'MB586E3R16', 150, 90, 3),
('A0037', '吳美成', 'MB586V3R16', 300, 90, 4),
('A0045', '吳美成', 'SCSIVB', 800, 90, 4),
('A0045', '吳美成', 'SVGAP2M', 2500, 90, 5),
('A0020', '吳美成', 'SVGAV2M', 200, 90, 6),
('A0049', '吳國信', 'MB486V3R32', 500, 90, 3),
('A0024', '吳國信', 'MB586E3R16', 120, 90, 8),
('A0022', '吳國信', 'SVGAP2M', 800, 90, 10),
('A0031', '李進祿', 'MB586P3R16', 260, 90, 1),
('A0013', '李進祿', 'MB586E3R32', 880, 90, 6),
('A0013', '李進祿', 'MB586E7R16', 500, 90, 12),
('A0008', '林玉堂', 'MB586V3R32', 600, 90, 1),
('A0058', '林玉堂', 'MB586P3R16', 200, 90, 1),
('A0058', '林玉堂', 'MB586E7R16', 560, 90, 2),
('A0030', '林玉堂', 'MB486P3R32', 380, 90, 5),
('A0008', '林玉堂', 'MB486P3R16', 600, 90, 6),
('A0054', '林鳳春', 'MB486V3R16', 800, 90, 2),
('A0054', '林鳳春', 'MB586V3R16', 420, 90, 5),
('A0036', '林鳳春', 'MB586E3R32', 600, 90, 6),
('A0036', '林鳳春', 'MB486V3R32', 600, 90, 11),
('A0051', '林鵬翔', 'SCSIVB', 1050, 90, 1),
('A0032', '林鵬翔', 'SCSIVB', 120, 90, 3),
('A0034', '林鵬翔', 'MB586E3R32', 950, 90, 8),
('A0053', '林鵬翔', 'MB586V3R32', 400, 90, 11),
('A0050', '張志輝', 'MB486P3R16', 620, 90, 5),
('A0023', '張志輝', 'MB586E3R32', 720, 90, 6),
('A0057', '張志輝', 'MB586E7R32', 380, 90, 6),
('A0029', '張志輝', 'MB486P3R16', 220, 90, 8),
('A0003', '莊國雄', 'MB486V3R16', 140, 90, 3),
('A0005', '莊國雄', 'MB486P3R16', 720, 90, 4),
('A0038', '莊國雄', 'MB586E7R32', 580, 90, 4),
('A0046', '莊國雄', 'MB586P3R16', 900, 90, 8),
('A0028', '郭曜明', 'MB486V3R32', 620, 90, 2),
('A0055', '郭曜明', 'MB586E3R32', 440, 90, 5),
('A0012', '郭曜明', 'MB586E7R32', 700, 90, 11),
('A0010', '陳雅賢', 'MB586E3R32', 580, 90, 1),
('A0041', '陳雅賢', 'SVGAV2M', 180, 90, 4),
('A0010', '陳雅賢', 'MB586P3R16', 280, 90, 6),
('A0027', '陳雅賢', 'MB486V3R16', 260, 90, 11),
('A0048', '陳曉蘭', 'SVGAP1M', 1100, 90, 1),
('A0057', '陳曉蘭', 'MB486P3R32', 300, 90, 8),
('A0038', '陳曉蘭', 'SVGAV1M', 550, 90, 8),
('A0060', '謝穎青', 'MB586V3R16', 680, 90, 3),
('A0044', '謝穎青', 'SCSIPB', 1020, 90, 4),
('A0026', '謝穎青', 'EIDE2RP', 1180, 90, 7),
('A0060', '謝穎青', 'SVGAV2M', 750, 90, 12);

-- --------------------------------------------------------

--
-- 資料表結構 `sales1`
--

CREATE TABLE `sales1` (
  `客戶代號` varchar(5) DEFAULT NULL,
  `業務姓名` varchar(3) DEFAULT NULL,
  `產品代號` varchar(10) DEFAULT NULL,
  `數量_91年` int(4) DEFAULT NULL,
  `數量_92年` int(4) DEFAULT NULL,
  `數量_93年` int(4) DEFAULT NULL
) ENGINE=InnoDB DEFAULT CHARSET=utf8;

--
-- 傾印資料表的資料 `sales1`
--

INSERT INTO `sales1` (`客戶代號`, `業務姓名`, `產品代號`, `數量_91年`, `數量_92年`, `數量_93年`) VALUES
('A0001', '王玉治', 'MB486V3R16', 1200, 1300, 1100),
('A0014', '林鵬翔', 'SVGAV1M', 1000, 1250, 880),
('A0015', '李進祿', 'SVGAV2M', 1600, 1500, 900),
('A0016', '吳國信', 'SVGAP1M', 1150, 900, 1200),
('A0020', '向大鵬', 'EIDE1RP', 1100, 1450, 1000),
('A0017', '林玉堂', 'SVGAP2M', 800, 1600, 900),
('A0019', '陳曉蘭', 'SCSIVB', 700, 1500, 1350),
('A0026', '謝穎青', 'MB586E7R16', 1100, 900, 1200),
('A0027', '陳雅賢', 'SVGAV1M', 1000, 900, 1100),
('A0028', '郭曜明', 'SVGAV2M', 1700, 1000, 800),
('A0029', '張志輝', 'SVGAP1M', 700, 700, 1200),
('A0030', '林玉堂', 'SVGAP2M', 3200, 1400, 1100),
('A0031', '李進祿', 'SCSIPB', 800, 1500, 800),
('A0034', '林鳳春', 'EIDE2RP', 900, 900, 1000),
('A0035', '陳曉蘭', 'MB586P3R16', 800, 900, 1800),
('A0036', '林鳳春', 'MB586V3R32', 700, 600, 1600),
('A0038', '莊國雄', 'MB586E3R32', 800, 1700, 1100),
('A0039', '陳雅賢', 'MB586E3R16', 900, 1100, 800),
('A0041', '陳雅賢', 'MB586E7R16', 1000, 700, 500),
('A0002', '吳美成', 'SVGAV1M', 1400, 1600, 1200),
('A0003', '莊國雄', 'SVGAV2M', 900, 1800, 1000),
('A0043', '朱金倉', 'SVGAV2M', 1000, 600, 480),
('A0046', '莊國雄', 'SCSIPB', 1620, 980, 1000),
('A0047', '向大鵬', 'SCSIVB', 670, 1200, 800),
('A0048', '陳曉蘭', 'EIDE1RP', 900, 1100, 1000),
('A0049', '吳國信', 'EIDE2RP', 1800, 900, 1300),
('A0004', '王玉治', 'SVGAP1M', 800, 1700, 1200),
('A0005', '莊國雄', 'SVGAP2M', 650, 560, 980),
('A0006', '毛渝南', 'SCSIPB', 1200, 1600, 1000),
('A0007', '王玉治', 'SCSIVB', 2800, 700, 1250),
('A0008', '林玉堂', 'EIDE1RP', 900, 1000, 1800),
('A0009', '朱金倉', 'EIDE2RP', 700, 800, 1350),
('A0010', '謝穎青', 'MB486P3R16', 700, 900, 600),
('A0011', '毛渝南', 'MB486P3R32', 600, 1200, 960),
('A0012', '郭曜明', 'MB586P3R16', 1100, 1500, 330),
('A0013', '李進祿', 'MB586V3R32', 980, 1600, 1250),
('A0022', '吳國信', 'MB586V3R16', 400, 1980, 480),
('A0023', '張志輝', 'SCSIPB', 1680, 780, 1000),
('A0024', '吳國信', 'SCSIVB', 880, 760, 1000),
('A0025', '朱金倉', 'EIDE1RP', 1600, 1000, 770),
('A0032', '林鵬翔', 'MB586V3R32', 800, 1700, 1000),
('A0033', '毛渝南', 'MB586V3R16', 600, 700, 800),
('A0037', '吳美成', 'MB586E7R16', 1450, 2100, 1500),
('A0040', '向大鵬', 'SVGAP1M', 1680, 1000, 680),
('A0042', '王玉治', 'SCSIPB', 1680, 660, 1480),
('A0044', '謝穎青', 'EIDE1RP', 1580, 1000, 700),
('A0045', '吳美成', 'EIDE2RP', 2200, 1450, 990),
('A0021', '陳雅賢', 'SVGAP1M', 670, 1600, 800),
('A0018', '朱金倉', 'MB586E7R16', 1100, 1280, 1200);

-- --------------------------------------------------------

--
-- 資料表結構 `sales2`
--

CREATE TABLE `sales2` (
  `客戶代號` varchar(5) DEFAULT NULL,
  `業務姓名` varchar(3) DEFAULT NULL,
  `產品代號` varchar(10) DEFAULT NULL,
  `數量` int(4) DEFAULT NULL,
  `交易年` int(2) DEFAULT NULL,
  `交易月` int(2) DEFAULT NULL
) ENGINE=InnoDB DEFAULT CHARSET=utf8;

--
-- 傾印資料表的資料 `sales2`
--

INSERT INTO `sales2` (`客戶代號`, `業務姓名`, `產品代號`, `數量`, `交易年`, `交易月`) VALUES
('A0001', '王玉治', 'MB486V3R16', 330, 89, 1),
('A0014', '林鵬翔', 'SVGAV1M', 900, 89, 1),
('A0015', '李進祿', 'SVGAV2M', 1600, 89, 1),
('A0016', '吳國信', 'SVGAP1M', 1100, 89, 1),
('A0020', '向大鵬', 'EIDE1RP', 980, 89, 2),
('A0017', '林玉堂', 'SVGAP2M', 280, 89, 3),
('A0019', '陳曉蘭', 'SCSIVB', 440, 89, 3),
('A0026', '謝穎青', 'MB586E7R16', 1000, 89, 3),
('A0027', '陳雅賢', 'SVGAV1M', 120, 89, 3),
('A0028', '郭曜明', 'SVGAV2M', 1950, 89, 3),
('A0029', '張志輝', 'SVGAP1M', 190, 89, 3),
('A0030', '林玉堂', 'SVGAP2M', 2400, 89, 3),
('A0031', '李進祿', 'SCSIPB', 200, 89, 3),
('A0034', '林鳳春', 'EIDE2RP', 950, 89, 4),
('A0035', '陳曉蘭', 'MB586P3R16', 1100, 89, 4),
('A0036', '林鳳春', 'MB586V3R32', 580, 89, 4),
('A0038', '莊國雄', 'MB586E3R32', 1000, 89, 4),
('A0039', '陳雅賢', 'MB586E3R16', 950, 89, 4),
('A0041', '陳雅賢', 'MB586E7R16', 180, 89, 4),
('A0002', '吳美成', 'SVGAV1M', 700, 89, 5),
('A0003', '莊國雄', 'SVGAV2M', 950, 89, 5),
('A0019', '陳曉蘭', 'SVGAV1M', 600, 89, 5),
('A0043', '朱金倉', 'SVGAV2M', 200, 89, 5),
('A0046', '莊國雄', 'SCSIPB', 1600, 89, 5),
('A0047', '向大鵬', 'SCSIVB', 500, 89, 5),
('A0048', '陳曉蘭', 'EIDE1RP', 900, 89, 5),
('A0049', '吳國信', 'EIDE2RP', 1200, 89, 5),
('A0050', '張志輝', 'MB586V3R16', 1600, 89, 5),
('A0051', '林鵬翔', 'MB586E3R32', 1900, 89, 5),
('A0052', '吳美成', 'MB586E3R16', 1800, 89, 5),
('A0053', '林鳳春', 'MB586E7R32', 280, 89, 5),
('A0004', '王玉治', 'SVGAP1M', 800, 89, 6),
('A0005', '莊國雄', 'SVGAP2M', 480, 89, 6),
('A0006', '毛渝南', 'SCSIPB', 150, 89, 6),
('A0007', '王玉治', 'SCSIVB', 1600, 89, 6),
('A0008', '林玉堂', 'EIDE1RP', 1400, 89, 6),
('A0009', '朱金倉', 'EIDE2RP', 1200, 89, 6),
('A0010', '謝穎青', 'MB486P3R16', 1500, 89, 6),
('A0011', '毛渝南', 'MB486P3R32', 100, 89, 6),
('A0012', '郭曜明', 'MB586P3R16', 1480, 89, 6),
('A0013', '李進祿', 'MB586V3R32', 1280, 89, 6),
('A0014', '林鵬翔', 'MB586V3R16', 1500, 89, 6),
('A0015', '李進祿', 'MB586E3R32', 1350, 89, 6),
('A0016', '吳國信', 'MB586E3R16', 1700, 89, 6),
('A0022', '吳國信', 'MB586V3R16', 380, 89, 6),
('A0020', '向大鵬', 'SVGAV2M', 1000, 89, 7),
('A0023', '張志輝', 'SCSIPB', 800, 89, 7),
('A0024', '吳國信', 'SCSIVB', 400, 89, 7),
('A0025', '朱金倉', 'EIDE1RP', 1460, 89, 7),
('A0027', '陳雅賢', 'MB486V3R16', 1720, 89, 7),
('A0031', '李進祿', 'MB586P3R16', 150, 89, 7),
('A0032', '林鵬翔', 'MB586V3R32', 2100, 89, 7),
('A0033', '毛渝南', 'MB586V3R16', 1800, 89, 7),
('A0017', '林玉堂', 'MB586E7R32', 1220, 89, 8),
('A0035', '陳曉蘭', 'MB586E3R16', 1200, 89, 8),
('A0036', '林鳳春', 'MB586E7R32', 160, 89, 8),
('A0037', '吳美成', 'MB586E7R16', 580, 89, 8),
('A0039', '陳雅賢', 'SVGAV2M', 240, 89, 8),
('A0040', '向大鵬', 'SVGAP1M', 220, 89, 8),
('A0042', '王玉治', 'SCSIPB', 260, 89, 8),
('A0044', '謝穎青', 'EIDE1RP', 1100, 89, 8),
('A0045', '吳美成', 'EIDE2RP', 1400, 89, 8),
('A0047', '向大鵬', 'MB586V3R32', 1200, 89, 8),
('A0008', '林玉堂', 'SVGAP1M', 900, 89, 9),
('A0021', '陳雅賢', 'SVGAP1M', 780, 89, 9),
('A0048', '陳曉蘭', 'MB486V3R16', 1580, 89, 9),
('A0049', '吳國信', 'MB486V3R32', 1450, 89, 9),
('A0050', '張志輝', 'MB486P3R16', 1100, 89, 9),
('A0051', '林鵬翔', 'MB486P3R32', 920, 89, 9),
('A0052', '吳美成', 'MB586P3R16', 1200, 89, 9),
('A0053', '林鳳春', 'MB586V3R32', 260, 89, 9),
('A0054', '林鳳春', 'MB586V3R16', 220, 89, 9),
('A0055', '郭曜明', 'MB586E3R32', 140, 89, 9),
('A0056', '毛渝南', 'MB586E3R16', 160, 89, 9),
('A0057', '張志輝', 'MB586E7R32', 260, 89, 9),
('A0058', '林玉堂', 'MB586E7R16', 1830, 89, 9),
('A0059', '向大鵬', 'SVGAV1M', 1270, 89, 9),
('A0060', '謝穎青', 'SVGAV2M', 1340, 89, 9),
('A0009', '朱金倉', 'SVGAP2M', 600, 89, 10),
('A0010', '謝穎青', 'SCSIPB', 1520, 89, 10),
('A0011', '毛渝南', 'SCSIVB', 1460, 89, 10),
('A0012', '郭曜明', 'EIDE1RP', 1400, 89, 10),
('A0013', '李進祿', 'EIDE2RP', 2150, 89, 10),
('A0014', '林鵬翔', 'EIDE1RP', 1150, 89, 10),
('A0018', '朱金倉', 'MB586E7R16', 1190, 89, 10),
('A0022', '吳國信', 'SVGAP2M', 350, 89, 10),
('A0023', '張志輝', 'SCSIPB', 600, 89, 10),
('A0024', '吳國信', 'SCSIVB', 580, 89, 10),
('A0025', '朱金倉', 'EIDE1RP', 640, 89, 10),
('A0026', '謝穎青', 'EIDE2RP', 300, 89, 10),
('A0021', '陳雅賢', 'SVGAP1M', 300, 89, 11),
('A0028', '郭曜明', 'MB486V3R32', 180, 89, 11),
('A0029', '張志輝', 'MB486P3R16', 520, 89, 11),
('A0030', '林玉堂', 'MB486P3R32', 360, 89, 11),
('A0032', '林鵬翔', 'MB586V3R32', 120, 89, 11),
('A0033', '毛渝南', 'MB586V3R16', 150, 89, 11),
('A0034', '林鳳春', 'MB586E3R32', 1250, 89, 11),
('A0037', '吳美成', 'MB486P3R16', 1500, 89, 11),
('A0038', '莊國雄', 'MB486P3R32', 1000, 89, 11),
('A0039', '陳雅賢', 'MB586P3R16', 980, 89, 11),
('A0018', '朱金倉', 'MB586E7R16', 350, 89, 12),
('A0040', '向大鵬', 'MB586V3R32', 820, 89, 12),
('A0041', '陳雅賢', 'MB586V3R16', 600, 89, 12),
('A0042', '王玉治', 'MB586E3R32', 580, 89, 12),
('A0043', '朱金倉', 'MB586E3R16', 400, 89, 12),
('A0044', '謝穎青', 'MB586E7R32', 580, 89, 12),
('A0045', '吳美成', 'MB586E7R16', 880, 89, 12),
('A0008', '林玉堂', 'MB586V3R32', 560, 90, 1),
('A0010', '謝穎青', 'MB586E3R32', 520, 90, 1),
('A0031', '李進祿', 'MB586P3R16', 220, 90, 1),
('A0046', '莊國雄', 'SVGAV1M', 1200, 90, 1),
('A0048', '陳曉蘭', 'SVGAP1M', 1100, 90, 1),
('A0049', '吳國信', 'SVGAP2M', 1250, 90, 1),
('A0050', '張志輝', 'SCSIPB', 1200, 90, 1),
('A0051', '林鵬翔', 'SCSIVB', 1000, 90, 1),
('A0058', '林玉堂', 'MB586P3R16', 300, 90, 1),
('A0028', '郭曜明', 'MB486V3R32', 580, 90, 2),
('A0053', '林鳳春', 'EIDE2RP', 2300, 90, 2),
('A0054', '林鳳春', 'MB486V3R16', 1150, 90, 2),
('A0055', '郭曜明', 'MB486V3R32', 260, 90, 2),
('A0058', '林玉堂', 'MB586E7R16', 1050, 90, 2),
('A0002', '吳美成', 'MB486V3R16', 250, 90, 3),
('A0003', '莊國雄', 'MB486V3R16', 180, 90, 3),
('A0004', '王玉治', 'MB486V3R32', 600, 90, 3),
('A0018', '朱金倉', 'SCSIPB', 240, 90, 3),
('A0032', '林鵬翔', 'SCSIVB', 160, 90, 3),
('A0033', '毛渝南', 'EIDE1RP', 540, 90, 3),
('A0037', '吳美成', 'MB586E3R16', 220, 90, 3),
('A0042', '王玉治', 'SVGAP1M', 300, 90, 3),
('A0049', '吳國信', 'MB486V3R32', 520, 90, 3),
('A0056', '毛渝南', 'MB486P3R16', 240, 90, 3),
('A0060', '謝穎青', 'MB586V3R16', 700, 90, 3),
('A0005', '莊國雄', 'MB486P3R16', 620, 90, 4),
('A0019', '陳曉蘭', 'SVGAV1M', 840, 90, 4),
('A0037', '吳美成', 'MB586V3R16', 280, 90, 4),
('A0038', '莊國雄', 'MB586E7R32', 1100, 90, 4),
('A0039', '陳雅賢', 'MB586E7R16', 1250, 90, 4),
('A0040', '向大鵬', 'MB586E7R32', 1800, 90, 4),
('A0041', '陳雅賢', 'SVGAV2M', 180, 90, 4),
('A0042', '王玉治', 'SVGAV1M', 1600, 90, 4),
('A0043', '朱金倉', 'SVGAP2M', 1000, 90, 4),
('A0044', '謝穎青', 'SCSIPB', 950, 90, 4),
('A0045', '吳美成', 'SCSIVB', 600, 90, 4),
('A0059', '向大鵬', 'SVGAV1M', 840, 90, 4),
('A0001', '王玉治', 'MB586E7R16', 1500, 90, 5),
('A0006', '毛渝南', 'MB486P3R32', 900, 90, 5),
('A0007', '王玉治', 'MB586P3R16', 3200, 90, 5),
('A0021', '陳雅賢', 'EIDE2RP', 600, 90, 5),
('A0030', '林玉堂', 'MB486P3R32', 240, 90, 5),
('A0044', '謝穎青', 'SVGAP1M', 1500, 90, 5),
('A0045', '吳美成', 'SVGAP2M', 1800, 90, 5),
('A0046', '莊國雄', 'EIDE1RP', 300, 90, 5),
('A0047', '向大鵬', 'EIDE2RP', 700, 90, 5),
('A0050', '張志輝', 'MB486P3R16', 620, 90, 5),
('A0052', '吳美成', 'MB586P3R16', 580, 90, 5),
('A0054', '林鳳春', 'MB586V3R16', 260, 90, 5),
('A0055', '郭曜明', 'MB586E3R32', 520, 90, 5),
('A0006', '毛渝南', 'MB486V3R16', 480, 90, 6),
('A0007', '王玉治', 'MB486V3R32', 200, 90, 6),
('A0008', '林玉堂', 'MB486P3R16', 600, 90, 6),
('A0009', '朱金倉', 'MB486P3R32', 650, 90, 6),
('A0010', '謝穎青', 'MB586P3R16', 270, 90, 6),
('A0011', '毛渝南', 'MB586V3R32', 300, 90, 6),
('A0012', '郭曜明', 'MB586V3R16', 360, 90, 6),
('A0013', '李進祿', 'MB586E3R32', 1100, 90, 6),
('A0014', '林鵬翔', 'MB586E3R16', 1200, 90, 6),
('A0020', '向大鵬', 'SVGAV2M', 220, 90, 6),
('A0023', '張志輝', 'MB586E3R32', 1900, 90, 6),
('A0036', '林鳳春', 'MB586E3R32', 600, 90, 6),
('A0047', '向大鵬', 'SVGAV2M', 1100, 90, 6),
('A0057', '張志輝', 'MB586E7R32', 1200, 90, 6),
('A0059', '向大鵬', 'MB586V3R32', 600, 90, 6),
('A0016', '吳國信', 'MB586E3R16', 1600, 90, 7),
('A0026', '謝穎青', 'EIDE2RP', 1400, 90, 7),
('A0056', '毛渝南', 'MB586E3R16', 220, 90, 7),
('A0009', '朱金倉', 'MB586V3R16', 700, 90, 8),
('A0024', '吳國信', 'MB586E3R16', 150, 90, 8),
('A0029', '張志輝', 'MB486P3R16', 280, 90, 8),
('A0034', '林鳳春', 'MB586E3R32', 1200, 90, 8),
('A0038', '莊國雄', 'SVGAV1M', 600, 90, 8),
('A0041', '陳雅賢', 'SVGAP2M', 1100, 90, 8),
('A0043', '朱金倉', 'SCSIVB', 1100, 90, 8),
('A0046', '莊國雄', 'MB586P3R16', 1700, 90, 8),
('A0051', '林鵬翔', 'MB486P3R32', 450, 90, 8),
('A0057', '張志輝', 'MB486P3R32', 300, 90, 8),
('A0025', '朱金倉', 'MB586E7R32', 1600, 90, 9),
('A0040', '向大鵬', 'SVGAV1M', 160, 90, 9),
('A0048', '陳曉蘭', 'MB486V3R16', 500, 90, 9),
('A0011', '毛渝南', 'MB586E3R16', 260, 90, 10),
('A0015', '李進祿', 'EIDE2RP', 1460, 90, 10),
('A0022', '吳國信', 'SVGAP2M', 700, 90, 10),
('A0012', '郭曜明', 'MB586E7R32', 660, 90, 11),
('A0017', '林玉堂', 'MB586E7R32', 1900, 90, 11),
('A0027', '陳雅賢', 'MB486V3R16', 260, 90, 11),
('A0035', '陳曉蘭', 'MB486V3R16', 1100, 90, 11),
('A0036', '林鳳春', 'MB486V3R32', 1600, 90, 11),
('A0053', '林鳳春', 'MB586V3R32', 300, 90, 11),
('A0013', '李進祿', 'MB586E7R16', 350, 90, 12),
('A0052', '吳美成', 'EIDE1RP', 1000, 90, 12),
('A0060', '謝穎青', 'SVGAV2M', 750, 90, 12);
COMMIT;

/*!40101 SET CHARACTER_SET_CLIENT=@OLD_CHARACTER_SET_CLIENT */;
/*!40101 SET CHARACTER_SET_RESULTS=@OLD_CHARACTER_SET_RESULTS */;
/*!40101 SET COLLATION_CONNECTION=@OLD_COLLATION_CONNECTION */;
