-- phpMyAdmin SQL Dump
-- version 5.0.3
-- https://www.phpmyadmin.net/
--
-- 主機： 127.0.0.1
-- 產生時間： 2020-11-03 07:13:00
-- 伺服器版本： 10.4.14-MariaDB
-- PHP 版本： 7.4.11

SET SQL_MODE = "NO_AUTO_VALUE_ON_ZERO";
START TRANSACTION;
SET time_zone = "+00:00";


/*!40101 SET @OLD_CHARACTER_SET_CLIENT=@@CHARACTER_SET_CLIENT */;
/*!40101 SET @OLD_CHARACTER_SET_RESULTS=@@CHARACTER_SET_RESULTS */;
/*!40101 SET @OLD_COLLATION_CONNECTION=@@COLLATION_CONNECTION */;
/*!40101 SET NAMES utf8mb4 */;

--
-- 資料庫： `bc_company_step3`
--

-- --------------------------------------------------------

--
-- 資料表結構 `citys`
--

CREATE TABLE `citys` (
  `id` int(10) UNSIGNED NOT NULL,
  `city_name` varchar(8) COLLATE utf8mb4_unicode_ci NOT NULL,
  `post_code` varchar(5) COLLATE utf8mb4_unicode_ci DEFAULT NULL
) ENGINE=InnoDB DEFAULT CHARSET=utf8mb4 COLLATE=utf8mb4_unicode_ci;

--
-- 傾印資料表的資料 `citys`
--

INSERT INTO `citys` (`id`, `city_name`, `post_code`) VALUES
(1, '桃園縣', '334'),
(2, '台北市', '100'),
(3, '台北縣', '241'),
(4, '新竹市', '300'),
(5, '新竹縣', '302'),
(6, '台中市', '407'),
(7, '台中縣', '414'),
(8, '雲林縣', '630'),
(9, '彰化縣', '711'),
(10, '嘉義市', '600'),
(11, '嘉義縣', '602'),
(12, '台南市', '700'),
(13, '台南縣', '720'),
(14, '高雄縣', '800'),
(15, '高雄市', '813'),
(16, '屏東市', '900'),
(17, '北平', '000');

-- --------------------------------------------------------

--
-- 資料表結構 `customer`
--

CREATE TABLE `customer` (
  `id` int(10) UNSIGNED NOT NULL COMMENT '序號',
  `custom_name` varchar(14) DEFAULT NULL COMMENT '客戶寶號',
  `custom_num` varchar(8) DEFAULT NULL COMMENT '客戶代號',
  `city` varchar(8) DEFAULT NULL COMMENT '縣市',
  `address` varchar(18) DEFAULT NULL COMMENT '地址',
  `post_code` varchar(5) DEFAULT NULL COMMENT '郵遞區號',
  `contact` varchar(8) DEFAULT NULL COMMENT '聯絡人',
  `position` varchar(12) DEFAULT NULL COMMENT '職稱',
  `tel` varchar(10) DEFAULT NULL COMMENT '電話',
  `Industry` varchar(8) DEFAULT NULL COMMENT '行業別',
  `company_id` varchar(8) DEFAULT NULL COMMENT '統一編號'
) ENGINE=InnoDB DEFAULT CHARSET=utf8;

--
-- 傾印資料表的資料 `customer`
--

INSERT INTO `customer` (`id`, `custom_name`, `custom_num`, `city`, `address`, `post_code`, `contact`, `position`, `tel`, `Industry`, `company_id`) VALUES
(1, '洽興金屬工業股份有限公司', 'A0001', '台中市', '西屯區工業區12路5號', '407', '陳勳森', '採購專員', '04-7081881', '機械', '86281373'),
(2, '新益機械工廠股份有限公司', 'A0002', '台北市', '北投區承德路7段371-1號', '100', '謝裕民', '行政專員', '02-7752450', '機械', '4675569'),
(3, '天源義記機械股份有限公司', 'A0003', '台北市', '松山區敦化北路122號3樓', '105', '翁崇銘', '工程師', '02-9015105', '機械', '22039731'),
(4, '家鄉事業股份有限公司', 'A0004', '台北市', '復興北路57號5樓', '108', '郭淑玲', '行政專員', '02-1879991', '食品', '85800192'),
(5, '四維企業(股)公司', 'A0005', '台南縣', '歸仁鄉南興村中山路851號', '720', '廖述宏', '工程師', '06-8792123', '建築', '12231596'),
(6, '永輝興電機工業股份有限公司', 'A0006', '台南縣', '麻豆鎮小埤里苓子林8-12號', '710', '黃清吉', '總務主任', '06-4588455', '電機', '4735004'),
(7, '溪泉電器工廠股份有限公司', 'A0007', '台中市', '西屯區台中工業區工業五路3號', '407', '林慶文', '工程師', '04-7613571', '電子', '7406808'),
(8, '善品精機股份有限公司', 'A0008', '台中縣', '烏日鄉中山路三段6號', '414', '張君暉', '工程師', '04-2552171', '機械', '11222009'),
(9, '佳樂電子股份有限公司', 'A0009', '台北市', '大安區復興南路一段390號5樓之3', '106', '蔣清池', '總務主任', '02-2301212', '電子', '61781463'),
(10, '科隆實業股份有限公司', 'A0010', '台北市', '大安區敦化南路一段223號8樓', '106', '劉瑞復', '工程師', '02-7721320', '貿易', '97513218'),
(11, '永光壓鑄企業公司', 'A0011', '台北市', '中山北路三段22號', '104', '梁文雄', '工程師', '02-2514474', '機械', '52003703'),
(12, '正五傑機械股份有限公司', 'A0012', '台北市', '中山區松江路293號805室', '111', '林金源', '採購專員', '02-9991061', '機械', '3807628'),
(13, '集上科技股份有限公司', 'A0013', '台北市', '中山區南京東路3段65號2樓', '104', '陳幼獅', '行政專員', '02-7174500', '資訊', '79854797'),
(14, '強安鋼架工程股份有限公司', 'A0014', '台北市', '中正區博愛路154號6-7樓', '104', '林添財', '主任', '02-9179261', '機械', '11081681'),
(15, '菱生精密工業股份有限公司', 'A0015', '台北市', '中正區懷寧街43號6樓', '100', '張國萬', '採購專員', '02-6668541', '電子', '11099303'),
(16, '昆信機械工業股份有限公司', 'A0016', '台北市', '忠孝東路四段285號13樓', '103', '陳世棟', '採購專員', '02-7195800', '機械', '22956788'),
(17, '麥柏股份有限公司', 'A0017', '台北市', '松山區南京東路三段248號14樓', '110', '楊喜棠', '工程師', '02-1184988', '貿易', '51868406'),
(18, '九和汽車股份有限公司', 'A0018', '台北市', '信義路五段2號14樓', '104', '李青潭', '工程師', '02-2595286', '機械', '3722109'),
(19, '遠東氣體工業股份有限公司', 'A0019', '台北市', '許昌街四二號九樓', '104', '李進興', '總務主任', '02-4688516', '化學', '52004800'),
(20, '諾貝爾生物有限公司', 'A0020', '台北市', '塔城街66號3樓', '106', '蘇益慶', '工程師', '02-9879103', '化學', '86172733'),
(21, '有萬貿易股份有限公司', 'A0021', '台北市', '土城市大暖路71號', '114', '張子信', '工程師', '02-1524755', '貿易', '5135739'),
(22, '真正精機股份有限公司', 'A0022', '台北縣', '土城市自強街29號', '241', '黃俊勝', '行政專員', '02-5569536', '機械', '61602905'),
(23, '東興振業股份有限公司', 'A0023', '台北縣', '汐止鎮大同路3段275號', '236', '徐旭明', '主任', '02-4247674', '建築', '73251209'),
(24, '漢寶農畜產企業股份有限公司', 'A0024', '台北縣', '板橋市民生路一段28號', '235', '林勝豐', '採購專員', '02-8795884', '食品', '7881361'),
(25, '大喬機械公司', 'A0025', '台北縣', '新店市寶興路45巷5號3樓', '251', '呂擇賞', '工程師', '02-4998556', '機械', '22099630'),
(26, '達亞汽車股份有限公司', 'A0026', '台北縣', '仁德鄉保安村開發四路6號', '238', '鄭榮勳', '採購專員', '02-4489598', '機械', '72065240'),
(27, '台灣航空電子股份有限公司', 'A0027', '桃園縣', '桃園市大林里大仁路50號', '334', '周正義', '主任', '03-4856525', '電子', '4697347'),
(28, '鐶琪塑膠股份有限公司', 'A0028', '桃園縣', '楊梅鎮大同里行善路80號', '337', '陳登榜', '工程師', '03-1385562', '化學', '60330130'),
(29, '亞智股份有限公司', 'A0029', '桃園縣', '龜山鄉善村文德路25號', '324', '黃正弘', '行政專員', '03-4855525', '建築', '3932533'),
(30, '九華營造工程股份有限公司', 'A0030', '桃園縣', '蘆竹鄉南崁路二段201巷7號', '330', '唐樂川', '總務主任', '03-2659569', '建築', '22099934'),
(31, '台灣保谷光學股份有限公司', 'A0031', '桃園縣', '小港區中林路26號', '325', '林長芳', '工程師', '03-2365566', '電子', '86159485'),
(32, '豐興鋼鐵(股)公司', 'A0032', '桃園縣', '五福三路21號6樓', '338', '吳政翔', '總務主任', '03-4554521', '機械', '21222725'),
(33, '中友開發建設股份有限公司', 'A0033', '高雄市', '鼓山區明倫路514巷19號', '813', '劉宗齊', '採購專員', '07-2665563', '建築', '86379208'),
(34, '長生營造股份有限公司', 'A0034', '高雄市', '大社工業區興工路1-3號', '806', '楊菊生', '工程師', '07-5645655', '建築', '75370905'),
(35, '百容電子股份有限公司', 'A0035', '新竹市', '科學工業園區園區二路47號105室', '300', '賴朝宗', '採購', '035-189566', '電子', '84308030'),
(36, '欣中天然氣股份有限公司', 'A0036', '新竹市', '竹東鎮中興路四段14號', '300', '胡明宗', '採購助理', '035-789542', '化學', '3703601'),
(37, '比力機械工業股份有限公司', 'A0037', '新竹市', '水上鄉回歸村北回60號', '300', '王振芳', '總務助理', '035-585985', '機械', '23120951'),
(38, '詮讚興業公司', 'A0038', '新竹縣', '秀水鄉埔崙村三越街82號', '302', '林清富', '工程師', '035-584425', '其他', '22018285'),
(39, '台灣釜屋電機股份有限公司', 'A0039', '台中縣', '烏日鄉中山路一段和平巷150弄27號', '414', '顏仲仁', '總務主任', '04-8342662', '機械', '23418669'),
(40, '國光血清疫苗製造股份有限公司', 'A0040', '台北市', '士林區社中街76號', '111', '徐賢德', '工程師', '02-7351127', '化學', '11085292'),
(41, '台灣製罐工業股份有限公司', 'A0041', '台北市', '大安區忠孝東路4段285號6樓', '106', '許金良', '採購專員', '02-5316125', '食品', '3767301'),
(42, '雅企科技(股)', 'A0042', '台北市', '中山區南京東路二段95號11樓', '104', '徐惠秋', '總務主任', '02-7751286', '資訊', '6606103'),
(43, '國豐電線工廠股份有限公司', 'A0043', '台北市', '敦化南路522號2樓', '106', '巫嘉昌', '工程師', '02-1949849', '電機', '52004800'),
(44, '金興鋼鐵股份有限公司', 'A0044', '台北市', '華陰街119號', '105', '黃永松', '總務主任', '02-4789198', '機械', '77514419'),
(45, '原帥電機股份有限公司', 'A0045', '台北縣', '新店市寶橋路229號', '220', '李春淵', '採購專員', '02-8499256', '電機', '23826519'),
(46, '新寶纖維股份有限公司', 'A0046', '台北縣', '樹林鎮東興街1號', '231', '林棟材', '工程師', '02-9985554', '化學', '12223723'),
(47, '太平洋汽門工業股份有限公司', 'A0047', '台南縣', '中壢市新生路二段334號', '721', '呂碧如', '工程師', '06-4882554', '機械', '41695406'),
(48, '喬福機械工業股份有限公司', 'A0048', '台南縣', '八德市大湳里和平路1127號', '711', '張朝深', '總務主任', '06-8884551', '機械', '3329507'),
(49, '楓原設計公司', 'A0049', '桃園縣', '大園鄉橫峰村1號', '320', '陳世昌', '採購專員', '03-4884525', '其他', '7284214'),
(50, '日南紡織股份有限公司', 'A0050', '桃園縣', '平鎮市建安村太平東路7號', '330', '陳標山', '行政專員', '03-5568425', '紡織', '37199708'),
(51, '台灣勝家實業股份有限公司', 'A0051', '桃園縣', '楊梅鎮秀才路520號', '337', '陳智雄', '工程師', '03-4825826', '貿易', '5630750'),
(52, '周家合板股份有限公司', 'A0052', '桃園縣', '龜山鄉樂善村文德路25號', '330', '陳肇源', '採購專員', '03-4851551', '建築', '76940003'),
(53, '英業達股份有限公司', 'A0053', '新竹市', '科學工業園區園區二路40號1樓', '300', '鄭景昌', '行政專員', '035-645858', '電子', '12388674'),
(54, '羽田機械股份有限公司', 'A0054', '新竹縣', '和美鎮彰美路二段106號', '310', '張永茂', '工程師', '035-851453', '機械', '85614991'),
(55, '中衛聯合開發公司', 'A0055', '台中市', '南屯區南屯路三段86號', '408', '蔡淑慧', '工程師', '04-5062442', '建築', '75370905'),
(56, '台中精機廠股份有限公司', 'A0056', '台北市', '大安區敦化南路1段331號6樓', '106', '杜鴻國', '採購專員', '02-3592139', '機械', '38011301'),
(57, '東陽實業(股)公司', 'A0057', '台北市', '中山區松江路301號9樓', '111', '葉育恩', '工程師', '02-4951111', '貿易', '12486393'),
(58, '金泰成粉廠股份有限公司', 'A0058', '台北市', '中正區延平南路10號', '104', '林繼宗', '採購專員', '02-4648165', '食品', '22102494'),
(59, '現代農牧股份有限公司', 'A0059', '台北市', '南港區東新街34巷10號3樓', '105', '秦嘉鴻', '採購專員', '02-7899552', '食品', '74231126'),
(60, '惠亞工程股份有限公司', 'A0060', '台北市', '三重市重新路五段609巷16號6樓', '106', '高文彬', '總務主任', '02-6548854', '建築', '6673382');

-- --------------------------------------------------------

--
-- 資料表結構 `dept`
--

CREATE TABLE `dept` (
  `id` int(10) UNSIGNED NOT NULL,
  `dept_name` varchar(12) DEFAULT NULL COMMENT '部門名稱',
  `dept_code` varchar(5) DEFAULT NULL COMMENT '部門代號',
  `dept_host` varchar(8) DEFAULT NULL COMMENT '主管姓名'
) ENGINE=InnoDB DEFAULT CHARSET=utf8;

--
-- 傾印資料表的資料 `dept`
--

INSERT INTO `dept` (`id`, `dept_name`, `dept_code`, `dept_host`) VALUES
(1, '董事長室', 'A01', '林政賢'),
(2, '總經理室', 'B01', '何茂宗'),
(3, '研發一課', 'C01', '徐煥坤'),
(4, '研發二課', 'C02', '江正維'),
(5, '研發三課', 'C03', '易君揚'),
(6, '業務一課', 'D01', '陳曉蘭'),
(7, '業務二課', 'D02', '陳雅賢'),
(8, '業務三課', 'D03', '朱金倉'),
(9, '業務四課', 'D04', '林鵬翔'),
(10, '採購部', 'E01', '黃大倫'),
(11, '維修部', 'F01', '劉柏村'),
(12, '資訊部', 'G01', '林朝財'),
(13, '企劃部', 'H01', '程光民'),
(14, '人事部', 'I01', '楊習仁'),
(15, '行政部', 'J01', '許進發'),
(16, '會計部', 'K01', '胡富傑'),
(17, '圖書室', 'L01', '洪惠芬');

-- --------------------------------------------------------

--
-- 資料表結構 `employee`
--

CREATE TABLE `employee` (
  `id` int(10) UNSIGNED NOT NULL,
  `name` varchar(3) DEFAULT NULL COMMENT '姓名',
  `position` varchar(5) DEFAULT NULL COMMENT '現任職稱',
  `dept_code` varchar(3) DEFAULT NULL COMMENT '部門代號',
  `city` varchar(3) DEFAULT NULL COMMENT '縣市',
  `address` varchar(18) DEFAULT NULL COMMENT '地址',
  `tel` varchar(16) DEFAULT NULL COMMENT '電話',
  `post_code` varchar(5) DEFAULT NULL COMMENT '郵遞區號',
  `salary` int(8) UNSIGNED DEFAULT NULL COMMENT '目前月薪資',
  `annual_leave` int(2) UNSIGNED DEFAULT NULL COMMENT '年假天數'
) ENGINE=InnoDB DEFAULT CHARSET=utf8;

--
-- 傾印資料表的資料 `employee`
--

INSERT INTO `employee` (`id`, `name`, `position`, `dept_code`, `city`, `address`, `tel`, `post_code`, `salary`, `annual_leave`) VALUES
(1, '方重圍', '顧問工程師', 'A01', '新竹市', '科學工業園區工業東四路7號2樓', '035-780050', '300', 185000, 7),
(2, '何茂宗', '總經理', 'B01', '台北市', '中山區松江路301號9樓', '02-5020238', '104', 154000, 14),
(3, '黃慧萍', '特別助理', 'B01', '台北縣', '新店市寶興路45巷5號3樓', '02-9179261', '231', 82000, 14),
(4, '林建興', '研發副總', 'B01', '屏東市', '中正路688巷46弄59號', '08-7379531', '900', 138000, 14),
(5, '蔡豪鈞', '業務副總', 'B01', '桃園縣', '楊梅鎮高榮里新榮路339號', '03-4905265', '326', 36000, 7),
(6, '林森和', '助理工程師', 'C01', '台北市', '民權東路3段37號12樓', '(02)515-0000', '104', 38000, 7),
(7, '黃志文', '研發副理', 'C01', '台北市', '光復南路422號2樓之1', '02-7043828', '106', 66200, 14),
(8, '張藍方', '研發經理', 'C01', '台北市', '松德路159號-1', '02-7593733', '110', 67400, 14),
(9, '徐煥坤', '資深工程師', 'C01', '台北縣', '土城市福安街75號', '02-2685871', '236', 36000, 14),
(10, '王德惠', '研發工程師', 'C01', '台北縣', '新店市寶中路123巷1號5樓', '02-9174400', '231', 37000, 7),
(11, '莊清媚', '研發工程師', 'C02', '台中市', '北區漢口路4段367號11樓', '04-2374989', '404', 33000, 14),
(12, '張景松', '副工程師', 'C02', '台中市', '西屯區台中工業區工業五路3號', '04-3592345', '407', 31500, 14),
(13, '李垂文', '研發副理', 'C02', '台中縣', '大里市仁化路261號', '(04)491-4141#254', '412', 34500, 7),
(14, '盧大為', '研發經理', 'C02', '台北市', '大同區承德路一段40號12樓', '02-5559211', '103', 33000, 14),
(15, '江正維', '研發工程師', 'C02', '台北市', '松山區南京東路5段5號2樓', '02-7649130', '105', 61000, 14),
(16, '鍾智慧', '研發工程師', 'C03', '台北市', '八德路二段260號9樓', '02-7752450', '104', 29500, 7),
(17, '方鎮深', '副工程師', 'C03', '台北市', '士林區社中街76號', '02-8118101', '111', 32000, 14),
(18, '楊銘哲', '研發副理', 'C03', '台北市', '萬華區漢口街2段60號', '02-3111116', '108', 27200, 14),
(19, '王演銓', '研發經理', 'C03', '桃園縣', '大園鄉北港村大工路31號', '03-3868956', '337', 38200, 14),
(20, '易君揚', '助理工程師', 'C03', '桃園縣', '楊梅鎮秀才路520號', '03-4753821', '326', 75200, 14),
(21, '鄭秀家', '研發工程師', 'C03', '高雄市', '五福三路21號6樓', '07-2135522', '801', 36500, 7),
(22, '王玉治', '業務副理', 'D01', '台中縣', '潭子鄉建國路3之2號', '04-5331112', '427', 34800, 14),
(23, '林鳳春', '業務專員', 'D01', '台北市', '中正區杭洲南路1段15-1號19樓', '02-3936566', '100', 59000, 14),
(24, '葉秀珠', '業務助理', 'D01', '台北市', '南港區成功路一段65號2&3樓', '02-7832854', '115', 24800, 7),
(25, '陳曉蘭', '業務經理', 'D01', '台南縣', '歸仁鄉南興村中山路851號', '06-2306611', '711', 29500, 7),
(26, '吳美成', '資深專員', 'D01', '彰化縣', '和美鎮彰美路二段106號', '04-7352182', '508', 34800, 7),
(27, '莊國雄', '業務副理', 'D02', '台中縣', '潭子鄉中山路三段493巷35號', '04-5343566', '427', 39200, 7),
(28, '向大鵬', '業務專員', 'D02', '台北市', '建國北路2段145號3樓', '02-5031111', '104', 23400, 7),
(29, '陳詔芳', '業務助理', 'D02', '高雄市', '新興區中正二路182號8-1樓', '07-2228856', '800', 27800, 7),
(30, '陳雅賢', '業務經理', 'D02', '新竹縣', '湖口鄉光復北路92號', '035-981491', '303', 54200, 14),
(31, '吳國信', '資深專員', 'D02', '彰化縣', '福興鄉萬豐村福工路12號', '04-7695161~4', '506', 37000, 7),
(32, '張志輝', '業務副理', 'D03', '台中縣', '大肚鄉沙田路二段132巷60號', '04-6991173', '432', 31500, 7),
(33, '林玉堂', '業務專員', 'D03', '台北市', '松江路124巷21號4樓', '02-5926597', '104', 25500, 7),
(34, '張世興', '業務助理', 'D03', '台北縣', '淡水鎮下圭柔山100-2號', '02-6228750', '251', 70000, 14),
(35, '朱金倉', '業務經理', 'D03', '高雄市', '三民區通化街120號', '07-3712111', '807', 38900, 14),
(36, '謝穎青', '資深專員', 'D03', '高雄縣', '仁武鄉仁心路311號', '07-3711696', '814', 24500, 7),
(37, '毛渝南', '業務副理', 'D04', '台北市', '大安區敦化南路2段218號', '02-3779968', '106', 76000, 7),
(38, '郭曜明', '業務專員', 'D04', '台北市', '中山區八德路四段111號', '02-7532121', '105', 26000, 7),
(39, '李進祿', '業務專員', 'D04', '台北市', '松山區復興北路369號3樓', '02-7150669', '105', 25000, 7),
(40, '陳惠娟', '業務助理', 'D04', '高雄市', '三民區灣興街96之1號', '07-3853358', '807', 23000, 14),
(41, '林鵬翔', '業務經理', 'D04', '彰化縣', '和美鎮鎮平里彰草路二段697號', '04-7525121', '508', 36000, 7),
(42, '黃大倫', '採購經理', 'E01', '台中縣', '大肚鄉沙田路二段310巷2號', '04-6991191', '432', 27000, 14),
(43, '黃振清', '採購副理', 'E01', '台北市', '大同區重慶北路三段137巷25號2樓', '02-5976225', '103', 34500, 14),
(44, '林國和', '採購專員', 'E01', '台北市', '民生西路292號10樓', '02-5559676', '103', 62000, 14),
(45, '黃秋好', '採購專員', 'E01', '台北市', '新明路124號', '02-7912161', '114', 23400, 7),
(46, '陳弘昌', '採購助理', 'E01', '台南縣', '永康鄉中正北路711號', '06-2531221', '710', 22000, 7),
(47, '張琪', '採購助理', 'E01', '桃園縣', '大園鄉橫峰村1號', '03-3811811', '337', 22500, 7),
(48, '許鴻章', '維修經理', 'E01', '彰化縣', '秀水鄉埔崙村三越街82號', '04-7692511', '504', 25500, 7),
(49, '連邦俊', '維修助理', 'F01', '台北市', '大安區仁愛路三段108號7樓', '02-7042162', '106', 28900, 14),
(50, '張治', '維修工程師', 'F01', '台北市', '大安區復興南路一段390號5樓之3', '02-7081881', '106', 37800, 14),
(51, '吳寶珠', '維修工程師', 'F01', '台北市', '中山區長安東路2段173號7樓', '02-7720267', '104', 32500, 14),
(52, '洪毓祥', '維修工程師', 'F01', '台北市', '中正區忠孝東路2段123號B1', '02-3971881', '100', 40000, 14),
(53, '丁組長', '助理工程師', 'F01', '台北市', '松山區南京東路5段46號7樓', '02-7613571', '105', 28500, 7),
(54, '李秋煌', '助理工程師', 'F01', '台北市', '許昌街四二號九樓', '02-6584251', '100', 25600, 7),
(55, '何信穎', '副工程師', 'F01', '台北縣', '土城市工業區中山路59號', '02-2683366', '236', 37900, 7),
(56, '陳福金', '副工程師', 'F01', '台北縣', '樹林鎮三俊街273號', '02-6882387', '223', 28000, 7),
(57, '林靜秋', '維修副理', 'F01', '桃園縣', '龍潭鄉九龍村中興路九龍段3巷13號', '03-4792988', '325', 59500, 14),
(58, '劉柏村', '維修經理', 'F01', '高雄市', '鼓山區明倫路514巷19號', '07-5836967', '804', 31000, 7),
(59, '季正杰', '資深工程師', 'F01', '嘉義市', '中正路690號', '05-3714666', '600', 61000, 7),
(60, '顧舜生', '系統工程師', 'G01', '台中市', '台中工業區37路46號', '04-3594510', '400', 33300, 7),
(61, '祝閔豪', '系統工程師', 'G01', '台北市', '松山區民生東路4段54號9樓901室', '02-7152266', '105', 31500, 14),
(62, '鄭力中', '硬體工程師', 'G01', '台北市', '長春路328號5樓之2', '02-7198303', '104', 32500, 7),
(63, '范揚耀', '程式設計師', 'G01', '台北市', '新生南路一段121號4樓', '02-2990212', '106', 31500, 7),
(64, '高鴻烈', '程式設計師', 'G01', '台南縣', '永康市王行路68巷263號', '06-2017777', '710', 31500, 7),
(65, '林朝財', '資訊經理', 'G01', '高雄市', '三民區民族一路491號', '07-3410301', '807', 72000, 14),
(66, '陳美玉', '網路工程師', 'G01', '新竹縣', '湖口鄉新竹工業區光復南路15號', '035-983683', '303', 34500, 7),
(67, '吳淑芬', '市場分析師', 'H01', '台北市', '士林區中正路115號', '02-8822342', '111', 31500, 7),
(68, '林俊成', '企劃專員', 'H01', '台北市', '大同區貴德街36巷5號', '02-5555601', '103', 32500, 7),
(69, '簡清皛', '企劃專員', 'H01', '台北市', '中山北路六段75號', '02-8342662', '111', 31000, 7),
(70, '謝彗萍', '企劃專員', 'H01', '台北市', '中山區建國北路1段88巷12號', '02-5062442', '104', 34500, 7),
(71, '黃憲政', '企劃專員', 'H01', '台北縣', '土城市大暖路71號', '02-2683969', '236', 34500, 7),
(72, '鄭黛明', '企劃助理', 'H01', '台北縣', '淡水鎮埤島里51-11號', '02-6222131', '251', 35500, 14),
(73, '魏阿輝', '美工專員', 'H01', '台南市', '安南區安和路二段269號', '06-2552171', '709', 30000, 7),
(74, '鄭元杰', '美工專員', 'H01', '台南縣', '麻豆鎮小埤里苓子林8-12號', '06-5703271', '721', 31000, 14),
(75, '謝忠証', '美工助理', 'H01', '高雄市', '左營區新庄子路339巷3號', '07-3431236', '813', 29000, 7),
(76, '王禾', '企劃副理', 'H01', '高雄縣', '橋頭鄉芋林路299號', '07-6116622', '825', 59000, 14),
(77, '程光民', '企劃經理', 'H01', '雲林縣', '斗六市雲林路三段369號', '05-5222331', '640', 25600, 7),
(78, '楊習仁', '人事經理', 'I01', '台中縣', '烏日鄉中山路一段和平巷150弄27號', '04-3372621', '414', 28900, 7),
(79, '陳舜庭', '人事專員', 'I01', '台北市', '中山北路三段22號', '02-5925252#3408', '104', 51000, 7),
(80, '陳建岳', '人事專員', 'I01', '台南市', '中區中山路90號4樓', '06-2260191', '700', 23000, 7),
(81, '劉伯村', '人事專員', 'I01', '高雄市', '小港區長春路5號', '07-8023601', '812', 27500, 7),
(82, '張財全', '人事助理', 'I01', '高雄市', '前鎮區高雄加工出口區南一路10號', '07-8111171', '806', 31000, 7),
(83, '陳淑慧', '行政助理', 'J01', '台北市', '大安區仁愛路四段109號15樓', '02-7110990', '106', 23000, 7),
(84, '許進發', '行政經理', 'J01', '台北市', '敦化北路201-24號8樓', '02-7177888', '105', 21000, 14),
(85, '王芳香', '行政專員', 'J01', '新竹市', '科學工業園區工業東二路6號', '035-773121', '300', 28000, 7),
(86, '施美芳', '行政專員', 'J01', '嘉義縣', '水上鄉回歸村北回60號', '05-2357861', '608', 69900, 7),
(87, '劉大慶', '總機', 'J01', '彰化縣', '和美鎮彰新路二段290號', '04-7351127', '508', 30000, 14),
(88, '沈榮治', '會計助理', 'K01', '台北市', '莒光路310號5樓', '02-3062131', '108', 41200, 14),
(89, '王繡瑩', '會計助理', 'K01', '台北市', '復興北路181號6樓', '02-7129111', '105', 40000, 7),
(90, '林俐君', '會計師', 'K01', '台北市', '敦化北路201-24號後棟6樓', '02-7174500', '105', 27200, 7),
(91, '李德竹', '會計師', 'K01', '台南縣', '歸仁鄉南保村中山路734號', '06-2301171', '711', 65000, 7),
(92, '胡富傑', '會計經理', 'K01', '桃園縣', '觀音鄉富源村35-2號', '03-4901511', '328', 34500, 7),
(93, '唐德義', '資深會計師', 'K01', '高雄市', '林森三路193巷34號', '07-3336571', '806', 31500, 14),
(94, '鍾海萍', '資深會計師', 'K01', '新竹市', '科學工業園區展業一路20號2樓', '035-770255', '300', 25000, 7),
(95, '溫智傑', '圖書助理', 'L01', '台北市', '中山區南京東路一段92號8樓', '02-5316125', '104', 21000, 7),
(96, '邱資堡', '圖書助理', 'L01', '台北市', '塔城街66號3樓', '02-5523075', '103', 28100, 7),
(97, '洪惠芬', '圖書館專員', 'L01', '高雄縣', '大社工業區興工路1-3號', '07-3514151', '815', 11000, 14);

-- --------------------------------------------------------

--
-- 資料表結構 `exp`
--

CREATE TABLE `exp` (
  `id` int(10) UNSIGNED NOT NULL,
  `name` varchar(8) DEFAULT NULL COMMENT '姓名',
  `before_exp1` varchar(20) DEFAULT NULL COMMENT '在外任職一',
  `before_exp2` varchar(20) DEFAULT NULL COMMENT '在外任職二',
  `exp1` varchar(20) DEFAULT NULL COMMENT '公司任職一',
  `exp2` varchar(20) DEFAULT NULL COMMENT '公司任職二'
) ENGINE=InnoDB DEFAULT CHARSET=utf8;

--
-- 傾印資料表的資料 `exp`
--

INSERT INTO `exp` (`id`, `name`, `before_exp1`, `before_exp2`, `exp1`, `exp2`) VALUES
(1, '1', '研發工程師', '研發經理', '研發經理', '顧問工程師'),
(2, '2', '研發工程師', '業務專員', '業務經理', '業務副總'),
(3, '3', '業務助理', '業務祕書', '特別助理', '業務經理'),
(4, '4', '軔體工程師', '研發工程師', '研發工程師', '研發副總'),
(5, '5', '硬體工程師', '工程副理', '研發工程師', '研發經理'),
(6, '6', '工程部助理', '研發經理', '助理工程師', '研發經理'),
(7, '7', '硬體工程師', '軔體工程師', '研發工程師', '研發副理'),
(8, '8', '生技工程師', '維修工程師', '研發工程師', '研發經理'),
(9, '9', '品管工程師', '電子工程師', '研發副理', '資深工程師'),
(10, '10', '工程助理', '維修工程師', '電子工程師', '研發工程師'),
(11, '11', '機構工程師', 'PCB layout工程師', '研發工程師', '研發經理'),
(12, '12', '採購專員', '研發工程師', '副工程師', '研發工程師'),
(13, '13', '維修工程師', '工程部經理', '研發副理', '研發工程師'),
(14, '14', '軔體工程師', 'FAE經理', '研發工程師', '研發經理'),
(15, '15', '硬體工程師', '維修工程師', '維修工程師', '研發工程師'),
(16, '16', '系統分析師', '軔體工程師', '電子工程師', '研發工程師'),
(17, '17', '市場開發', '電子工程師', '研發工程師', '副工程師'),
(18, '18', '工程部副理', 'FAE經理', '研發工程師', '研發副理'),
(19, '19', '資訊人員', '工程副理', '維修經理', '研發經理'),
(20, '20', '工程助理', '業務專員', '助理工程師', '業務專員'),
(21, '21', '業務經理', '總經理', '業務經理', '業務副總'),
(22, '22', '業務代表', '業務經理', '業務副理', '業務專員'),
(23, '23', '研發工程師', '業務工程師', '業務專員', '業務專員'),
(24, '24', '行政助理', '業務專員', '業務助理', '業務專員'),
(25, '25', '業務專員', '業務副理', '業務專員', '業務經理'),
(26, '26', '電子工程師', '業務專員', '業務專員', '資深專員'),
(27, '27', '業務代表', '業務經理', '業務副理', '業務專員'),
(28, '28', '業務助理', '業務專員', '業務專員', '業務專員'),
(29, '29', '採購助理', '業務專員', '業務助理', '業務專員'),
(30, '30', '市場分析經理', '業務副理', '業務副理', '業務經理'),
(31, '31', '維修工程師', '電子工程師', '業務專員', '資深專員'),
(32, '32', '業務專員', '業務經理', '業務副理', '業務經理'),
(33, '33', '硬體工程師', '電子工程師', '業務專員', '業務經理'),
(34, '34', '業務助理', '業務專員', '業務助理', '業務經理'),
(35, '35', '業務專員', '業務副理', '業務專員', '業務經理'),
(36, '36', '維修工程師', '業務代表', '業務專員', '資深專員'),
(37, '37', '業務專員', '業務代表', '業務副理', '業務經理'),
(38, '38', '採購專員', '業務專員', '業務專員', '業務經理'),
(39, '39', '軔體工程師', '業務專員', '業務專員', '業務經理'),
(40, '40', '會計助理', '業務經理', '業務助理', '業務經理'),
(41, '41', '業務專員', '業務經理', '業務副理', '業務經理'),
(42, '42', '會計專員', '採購專員', '採購專員', '採購經理'),
(43, '43', '維修工程師', '電子工程師', '採購專員', '採購副理'),
(44, '44', '電子工程師', '研發工程師', '維修助理', '採購專員'),
(45, '45', '硬體工程師', '總務人員', '採購專員', '行政專員'),
(46, '46', '採購助理', '行政專員', '採購助理', '行政專員'),
(47, '47', '行政助理', '行政專員', '採購助理', '行政專員'),
(48, '48', '數位工程師', '電子工程師', '研發工程師', '維修經理'),
(49, '49', '工程助理', '行政專員', '維修助理', '行政專員'),
(50, '50', '軔體工程師', '電子工程師', '維修助理', '研發工程師'),
(51, '51', '技術員', '品管工程師', '採購專員', '維修工程師'),
(52, '52', '製程工程師', '技術支援工程師', '維修工程師', '研發工程師'),
(53, '53', '研發助理', '測試工程師', '助理工程師', '研發工程師'),
(54, '54', '電子工程師', '維修技術員', '助理工程師', '研發工程師'),
(55, '55', '測試工程師', '產品工程師', '副工程師', '研發工程師'),
(56, '56', '生技工程師', 'CAD工程師', '助理工程師', '副工程師'),
(57, '57', '品管工程師', '測試經理', '副工程師', '維修副理'),
(58, '58', '電子工程師', '工程經理', '維修工程師', '維修經理'),
(59, '59', '軔體工程師', '產品工程師', '研發工程師', '資深工程師'),
(60, '60', '系統分析師', '軟體工程師', '研發工程師', '系統工程師'),
(61, '61', '程式設計師', '資訊專員', '系統工程師', '研發工程師'),
(62, '62', '電子工程師', '半導體工程師', '硬體工程師', '研發工程師'),
(63, '63', '系統開發師', '軟體工程師', '程式設計師', '研發工程師'),
(64, '64', '軟體工程師', '資訊專員', '研發工程師', '程式設計師'),
(65, '65', '軟體工程師', '系統分析師', '系統工程師', '資訊經理'),
(66, '66', '硬體工程師', '技術支援工程師', '網路工程師', '研發工程師'),
(67, '67', '廣告企劃', '市場分析員', '企劃專員', '市場分析師'),
(68, '68', '產品企劃', '行政企劃', '企劃專員', '行政助理'),
(69, '69', '研發企劃', '外銷企劃', '企劃專員', '行政助理'),
(70, '70', '行政助理', '行政專員', '企劃助理', '企劃專員'),
(71, '71', '廣告助理', '廣告企劃', '企劃專員', '行政助理'),
(72, '72', '企劃助理', '行政專員', '企劃助理', '行政助理'),
(73, '73', '設計助理', '行政專員', '美工助理', '美工專員'),
(74, '74', '廣告美編', '影像設計師', '美工專員', '行政助理'),
(75, '75', '廣告助理', '行政專員', '美工助理', '行政助理'),
(76, '76', '廣告企劃', '美工設計師', '企劃專員', '企劃副理'),
(77, '77', '產品企劃', '行銷企劃專員', '企劃專員', '企劃經理'),
(78, '78', '人事專員', '行政副理', '人事專員', '人事經理'),
(79, '79', '行政專員', '會計行政人員', '人事專員', '行政助理'),
(80, '80', '門市人員', '業務助理', '人事助理', '人事專員'),
(81, '81', '總務專員', '行政專員', '行政專員', '人事專員'),
(82, '82', '發行助理', '行政專員', '人事助理', '行政專員'),
(83, '83', '鍵檔小姐', '行政專員', '行政助理', '行政專員'),
(84, '84', '行政經理', '人事主任', '行政經理', '行政專員'),
(85, '85', '行政助理', '行政專員', '行政專員', '行政專員'),
(86, '86', '行政人員', '會計人員', '行政助理', '行政專員'),
(87, '87', '工讀生', '行政助理', '總機', '行政專員'),
(88, '88', '總機', '行政助理', '會計助理', '行政專員'),
(89, '89', '會計助理', '會計專員', '會計助理', '行政專員'),
(90, '90', '專櫃人員', '行政助理', '人事專員', '會計專員'),
(91, '91', '採購專員', '主管祕書', '會計助理', '會計專員'),
(92, '92', '會計專員', '會計主任', '會計專員', '會計經理'),
(93, '93', '行政專員', '會計', '會計專員', '會計師'),
(94, '94', '會計', '總務專員', '會計專員', '會計師'),
(95, '95', '搬運工', '服務生', '圖書助理', '行政助理'),
(96, '96', '服務生', '搬運工', '圖書助理', '行政助理'),
(97, '97', '行政助理', '人事行政專員', '行政專員', '圖書館專員');

-- --------------------------------------------------------

--
-- 資料表結構 `leaves`
--

CREATE TABLE `leaves` (
  `id` int(10) UNSIGNED NOT NULL,
  `name` varchar(8) DEFAULT NULL COMMENT '姓名',
  `type` varchar(2) DEFAULT NULL COMMENT '假別',
  `year` int(2) DEFAULT NULL COMMENT '年',
  `month` int(2) DEFAULT NULL COMMENT '月',
  `days` int(2) DEFAULT NULL COMMENT '天數'
) ENGINE=InnoDB DEFAULT CHARSET=utf8;

--
-- 傾印資料表的資料 `leaves`
--

INSERT INTO `leaves` (`id`, `name`, `type`, `year`, `month`, `days`) VALUES
(1, '1', '休假', 89, 1, 4),
(2, '13', '事假', 89, 1, 2),
(3, '41', '病假', 89, 1, 1),
(4, '93', '休假', 89, 1, 1),
(5, '9', '婚假', 89, 1, 7),
(6, '48', '休假', 89, 1, 2),
(7, '45', '事假', 89, 1, 2),
(8, '43', '病假', 89, 1, 1),
(9, '19', '休假', 89, 2, 2),
(10, '10', '休假', 89, 2, 3),
(11, '28', '休假', 89, 2, 1),
(12, '67', '病假', 89, 2, 1),
(13, '13', '事假', 89, 2, 2),
(14, '97', '事假', 89, 2, 2),
(15, '9', '病假', 89, 2, 2),
(16, '11', '病假', 89, 2, 1),
(17, '66', '休假', 89, 2, 3),
(18, '21', '病假', 89, 2, 2),
(19, '19', '病假', 89, 3, 1),
(20, '10', '事假', 89, 3, 2),
(21, '89', '事假', 89, 3, 2),
(22, '2', '喪假', 89, 3, 8),
(23, '13', '事假', 89, 3, 1),
(24, '88', '休假', 89, 3, 2),
(25, '68', '病假', 89, 3, 1),
(26, '86', '休假', 89, 3, 3),
(27, '64', '事假', 89, 3, 2),
(28, '46', '病假', 89, 3, 1),
(29, '36', '喪假', 89, 3, 6),
(30, '35', '事假', 89, 4, 1),
(31, '13', '病假', 89, 4, 3),
(32, '59', '休假', 89, 4, 2),
(33, '68', '休假', 89, 4, 4),
(34, '44', '事假', 89, 4, 1),
(35, '12', '休假', 89, 4, 5),
(36, '47', '休假', 89, 4, 3),
(37, '27', '病假', 89, 4, 2),
(38, '11', '病假', 89, 4, 2),
(39, '46', '病假', 89, 4, 1),
(40, '83', '事假', 89, 4, 2),
(41, '45', '休假', 89, 4, 3),
(42, '14', '事假', 89, 4, 2),
(43, '69', '病假', 89, 4, 1),
(44, '85', '病假', 89, 5, 2),
(45, '39', '休假', 89, 5, 3),
(46, '23', '休假', 89, 5, 3),
(47, '96', '事假', 89, 5, 2),
(48, '64', '婚假', 89, 5, 6),
(49, '42', '事假', 89, 5, 2),
(50, '71', '休假', 89, 5, 2),
(51, '70', '病假', 89, 5, 2),
(52, '26', '婚假', 89, 6, 7),
(53, '20', '事假', 89, 6, 2),
(54, '44', '休假', 89, 6, 7),
(55, '65', '病假', 89, 6, 1),
(56, '65', '病假', 89, 6, 1),
(57, '12', '休假', 89, 6, 2),
(58, '47', '事假', 89, 6, 1),
(59, '11', '病假', 89, 6, 1),
(60, '38', '病假', 89, 6, 2),
(61, '45', '病假', 89, 6, 1),
(62, '95', '休假', 89, 6, 1),
(63, '62', '病假', 89, 6, 1),
(64, '14', '事假', 89, 6, 1),
(65, '9', '事假', 89, 7, 1),
(66, '12', '休假', 89, 7, 2),
(67, '46', '休假', 89, 7, 3),
(68, '57', '事假', 89, 8, 2),
(69, '92', '病假', 89, 8, 2),
(70, '34', '休假', 89, 8, 1),
(71, '12', '休假', 89, 8, 1),
(72, '11', '休假', 89, 8, 1),
(73, '48', '休假', 89, 8, 1),
(74, '66', '事假', 89, 8, 1),
(75, '42', '喪假', 89, 8, 2),
(76, '5', '休假', 89, 8, 2),
(77, '14', '喪假', 89, 8, 2),
(78, '60', '事假', 89, 8, 1),
(79, '61', '事假', 89, 9, 2),
(80, '84', '事假', 89, 9, 2),
(81, '72', '事假', 89, 10, 1),
(82, '94', '病假', 89, 11, 1),
(83, '16', '病假', 89, 12, 1);

-- --------------------------------------------------------

--
-- 資料表結構 `overtime`
--

CREATE TABLE `overtime` (
  `id` int(10) UNSIGNED NOT NULL,
  `name` varchar(8) DEFAULT NULL COMMENT '姓名',
  `year` int(2) DEFAULT NULL COMMENT '年',
  `month` int(2) DEFAULT NULL COMMENT '月',
  `date` int(2) DEFAULT NULL COMMENT '日',
  `hours` int(2) DEFAULT NULL COMMENT '加班時數'
) ENGINE=InnoDB DEFAULT CHARSET=utf8;

--
-- 傾印資料表的資料 `overtime`
--

INSERT INTO `overtime` (`id`, `name`, `year`, `month`, `date`, `hours`) VALUES
(1, '11', 89, 12, 3, 2),
(2, '12', 89, 12, 3, 1),
(3, '14', 89, 12, 4, 2),
(4, '15', 89, 12, 5, 3),
(5, '16', 89, 12, 6, 2),
(6, '17', 89, 12, 8, 4),
(7, '3', 89, 12, 9, 1),
(8, '13', 89, 12, 11, 2),
(9, '12', 89, 12, 13, 1),
(10, '3', 89, 12, 17, 2),
(11, '4', 89, 12, 19, 1),
(12, '11', 89, 1, 3, 2),
(13, '12', 89, 1, 3, 1),
(14, '14', 89, 1, 4, 2),
(15, '15', 89, 1, 5, 3),
(16, '16', 89, 1, 6, 2),
(17, '17', 89, 1, 8, 4),
(18, '3', 89, 1, 9, 1),
(19, '13', 89, 1, 11, 2),
(20, '12', 89, 1, 13, 1),
(21, '3', 89, 1, 17, 2),
(22, '4', 89, 1, 19, 1),
(23, '11', 89, 1, 20, 2),
(24, '10', 89, 1, 22, 4),
(25, '6', 89, 1, 24, 1),
(26, '7', 89, 1, 25, 2),
(27, '3', 89, 1, 26, 2),
(28, '8', 89, 1, 26, 2),
(29, '18', 89, 1, 28, 5),
(30, '9', 89, 1, 29, 1),
(31, '7', 89, 2, 1, 3),
(32, '8', 89, 2, 1, 1),
(33, '9', 89, 2, 2, 2),
(34, '15', 89, 2, 4, 6),
(35, '23', 89, 2, 5, 3),
(36, '24', 89, 2, 6, 2),
(37, '27', 89, 2, 7, 1),
(38, '26', 89, 2, 8, 2),
(39, '25', 89, 2, 9, 4),
(40, '29', 89, 2, 11, 6),
(41, '20', 89, 2, 15, 2),
(42, '19', 89, 2, 16, 1),
(43, '30', 89, 3, 8, 2),
(44, '47', 89, 3, 8, 3),
(45, '38', 89, 3, 12, 2),
(46, '39', 89, 3, 15, 2),
(47, '46', 89, 3, 21, 1),
(48, '7', 89, 3, 22, 2),
(49, '8', 89, 3, 22, 2),
(50, '9', 89, 3, 22, 1),
(51, '14', 89, 3, 23, 3),
(52, '15', 89, 3, 23, 4),
(53, '48', 89, 3, 24, 4),
(54, '31', 89, 3, 25, 1),
(55, '43', 89, 3, 25, 2),
(56, '42', 89, 3, 26, 1),
(57, '32', 89, 3, 27, 3),
(58, '40', 89, 3, 27, 2),
(59, '41', 89, 3, 28, 2),
(60, '44', 89, 3, 29, 2),
(61, '50', 89, 3, 29, 6),
(62, '33', 89, 3, 30, 2),
(63, '37', 89, 3, 30, 2),
(64, '51', 89, 4, 8, 1),
(65, '52', 89, 4, 8, 1),
(66, '53', 89, 4, 9, 1),
(67, '54', 89, 4, 9, 2),
(68, '61', 89, 4, 20, 4),
(69, '10', 89, 4, 22, 2),
(70, '58', 89, 4, 24, 3),
(71, '55', 89, 4, 25, 4),
(72, '56', 89, 4, 26, 3),
(73, '62', 89, 4, 28, 7),
(74, '14', 89, 4, 29, 2),
(75, '15', 89, 4, 30, 2),
(76, '48', 89, 5, 2, 2),
(77, '31', 89, 5, 7, 1),
(78, '43', 89, 5, 8, 3),
(79, '42', 89, 5, 10, 2),
(80, '32', 89, 5, 11, 3),
(81, '40', 89, 5, 13, 2),
(82, '41', 89, 5, 13, 2),
(83, '44', 89, 5, 14, 1),
(84, '50', 89, 5, 16, 2),
(85, '71', 89, 5, 17, 3),
(86, '80', 89, 5, 18, 4),
(87, '82', 89, 5, 18, 5),
(88, '83', 89, 5, 18, 4),
(89, '68', 89, 5, 20, 3),
(90, '76', 89, 5, 21, 2),
(91, '11', 89, 5, 22, 1),
(92, '12', 89, 5, 22, 2),
(93, '70', 89, 5, 25, 3),
(94, '81', 89, 5, 25, 4),
(95, '69', 89, 5, 31, 3),
(96, '13', 89, 6, 3, 2),
(97, '85', 89, 6, 5, 1),
(98, '94', 89, 6, 5, 2),
(99, '86', 89, 6, 6, 1),
(100, '93', 89, 6, 7, 2),
(101, '95', 89, 6, 10, 2),
(102, '87', 89, 6, 13, 1),
(103, '92', 89, 6, 21, 1),
(104, '13', 89, 6, 22, 4),
(105, '88', 89, 6, 25, 3),
(106, '89', 89, 6, 26, 3),
(107, '90', 89, 6, 27, 2),
(108, '96', 89, 6, 27, 1),
(109, '91', 89, 6, 28, 2),
(110, '93', 89, 6, 29, 5);

-- --------------------------------------------------------

--
-- 資料表結構 `person`
--

CREATE TABLE `person` (
  `id` int(10) UNSIGNED NOT NULL,
  `name` varchar(8) DEFAULT NULL COMMENT '姓名',
  `age` int(3) DEFAULT NULL COMMENT '年齡',
  `gender` varchar(1) DEFAULT NULL COMMENT '性別',
  `born_in` varchar(8) DEFAULT NULL COMMENT '出生地',
  `hometown` varchar(8) DEFAULT NULL COMMENT '籍貫',
  `duty_year` int(4) DEFAULT NULL COMMENT '到職年',
  `pro_1` varchar(16) DEFAULT NULL COMMENT '專長一',
  `pro_2` varchar(16) DEFAULT NULL COMMENT '專長二',
  `lang_1` varchar(4) DEFAULT NULL COMMENT '第一外語',
  `lang_2` varchar(4) DEFAULT NULL COMMENT '第二外語'
) ENGINE=InnoDB DEFAULT CHARSET=utf8;

--
-- 傾印資料表的資料 `person`
--

INSERT INTO `person` (`id`, `name`, `age`, `gender`, `born_in`, `hometown`, `duty_year`, `pro_1`, `pro_2`, `lang_1`, `lang_2`) VALUES
(1, '1', 60, '男', '桃園縣', '北平', 69, '市場分析', '談判技巧', '日語', '英語'),
(2, '2', 48, '男', '台北市', '高雄縣', 64, '業務規劃', '業務拓展', '英語', '日語'),
(3, '3', 30, '女', '台北縣', '台北縣', 76, '市場公關', '業務管理', '英語', '日語'),
(4, '4', 46, '男', '屏東市', '屏東市', 74, '半導體設計', '系統整合', '英語', '日語'),
(5, '5', 50, '男', '桃園縣', '桃園縣', 75, '溝通協調', 'PC銷售', '英語', '日語'),
(6, '6', 32, '男', '高雄市', '高雄市', 76, '主機板研發', '數位電路', '英語', ''),
(7, '7', 28, '男', '台北市', '台北市', 82, '電子電路', '數位電路', '', ''),
(8, '8', 38, '男', '台北市', '台北市', 78, '主機板設計', 'BIOS設計', '英語', ''),
(9, '9', 42, '男', '台北市', '台北市', 75, '主機板研發', '工程管理', '英語', ''),
(10, '10', 37, '男', '台北縣', '台北縣', 73, '數位電路', '電子電路', '英語', '日語'),
(11, '11', 31, '女', '台北縣', '台北縣', 76, '電子電路', '數位電路', '', ''),
(12, '12', 30, '男', '台中市', '台中市', 79, 'PCB layout', '電子電路', '', ''),
(13, '13', 28, '男', '台中市', '台中市', 81, '電子電路', '主機板研發', '英語', '日語'),
(14, '14', 36, '男', '台中縣', '台中縣', 78, '視訊卡研發', '類比線路', '英語', ''),
(15, '15', 40, '男', '台北市', '台北市', 76, '視訊卡研發', '數位線路', '英語', '日語'),
(16, '16', 30, '女', '台北市', '台北市', 78, '電子電路', 'WORD', '', ''),
(17, '17', 34, '男', '台北市', '台北市', 79, '數位線路', '電子電路', '日語', '英語'),
(18, '18', 30, '男', '台北市', '台北市', 81, '訊號測試', '數位電路', '英語', ''),
(19, '19', 44, '男', '台北市', '台北市', 76, 'SCSI卡研發', '電子電路', '英語', ''),
(20, '20', 46, '男', '桃園縣', '桃園縣', 75, 'SCSI卡研發', '數位電路', '英語', '日語'),
(21, '21', 26, '女', '桃園縣', '桃園縣', 83, '界面卡測試', '電子電路', '英語', ''),
(22, '22', 40, '女', '台中縣', '台中縣', 80, '業務拓展', '人員教育', '英語', '日語'),
(23, '23', 32, '女', '台北市', '台北市', 80, '業務行銷', 'EXCEL', '英語', ''),
(24, '24', 25, '女', '台北市', '台北市', 82, '業務催收款', '文書處理', '', ''),
(25, '25', 46, '女', '台南縣', '台南縣', 79, '業務規劃', '業務拓展', '英語', ''),
(26, '26', 39, '女', '彰化縣', '彰化縣', 76, '業務行銷', '業務拓展', '英語', '日語'),
(27, '27', 34, '男', '台中縣', '台中縣', 81, '業務洽商', '產品規劃', '英語', '日語'),
(28, '28', 30, '男', '台北市', '台北市', 81, '業務行銷', '積極拜訪客戶', '', ''),
(29, '29', 23, '女', '高雄市', '高雄市', 82, '資料分析', '催收款', '', ''),
(30, '30', 40, '男', '新竹縣', '新竹縣', 76, '產品拓展', '業務管理', '英語', '韓語'),
(31, '31', 36, '男', '彰化縣', '彰化縣', 75, 'PC 銷售', '主機板行銷', '英語', '日語'),
(32, '32', 43, '男', '台中縣', '台中縣', 81, '溝通協調', '談判技巧', '英語', ''),
(33, '33', 28, '男', '台北市', '台北市', 82, '業務拓展', 'WORD', '英語', '日語'),
(34, '34', 26, '男', '台北縣', '台北縣', 83, '文書管理', 'NOTES', '', ''),
(35, '35', 43, '男', '高雄市', '高雄市', 80, '新產品行銷', 'NOTES', '英語', '日語'),
(36, '36', 38, '女', '高雄縣', '高雄縣', 76, '業務銷售', '視訊卡架構', '英語', '日語'),
(37, '37', 36, '男', '台北市', '台北市', 81, '產品規劃', '溝通協調', '英語', ''),
(38, '38', 32, '男', '台北市', '台北市', 81, '業務拓展', 'LOTUS', '英語', ''),
(39, '39', 31, '男', '台北市', '台北市', 80, '業務行銷', 'LOTUS', '英語', ''),
(40, '40', 26, '女', '高雄市', '高雄市', 82, '文書處理', 'POP字體', '', ''),
(41, '41', 44, '男', '彰化縣', '彰化縣', 76, '業務分析', '企圖心強', '英語', '日語'),
(42, '42', 49, '男', '台中縣', '台中縣', 75, '硬體採購', '物料分析', '英語', ''),
(43, '43', 42, '男', '台北市', '台北市', 78, '倉庫管理', 'ACCESS', '英語', ''),
(44, '44', 30, '男', '台北市', '台北市', 81, '電子零件採購', '熟PC', '英語', ''),
(45, '45', 31, '女', '台北市', '台北市', 82, '半導體採購', 'ACCESS', '英語', ''),
(46, '46', 28, '男', '台南縣', '台南縣', 82, 'LOTUS 123', 'EXCEL', '', ''),
(47, '47', 27, '女', '桃園縣', '桃園縣', 83, 'EXCEL', 'WORD', '', ''),
(48, '48', 45, '男', '彰化縣', '彰化縣', 78, '市場分析', '物料管理', '英語', '日語'),
(49, '49', 24, '男', '台北市', '台北市', 82, 'IDE卡維修', '數位電路', '', ''),
(50, '50', 30, '男', '台北市', '台北市', 79, '視訊卡維修', 'IDE卡維修', '', ''),
(51, '51', 35, '女', '台北市', '台北市', 80, '主機板維修', 'SCSI卡維修', '英語', ''),
(52, '52', 31, '男', '台北市', '台北市', 83, '主機板維修', '視訊卡維修', '英語', ''),
(53, '53', 28, '男', '台北市', '台北市', 82, 'IDE卡維修', 'SCSI卡維修', '', ''),
(54, '54', 27, '女', '台北市', '台北市', 81, 'SCSI卡維修', 'IDE卡維修', '', ''),
(55, '55', 30, '男', '台北縣', '台北縣', 81, 'SCSI卡維修', '主機板維修', '日語', ''),
(56, '56', 31, '男', '台北縣', '台北縣', 79, '視訊卡維修', 'SCSI卡維修', '英語', ''),
(57, '57', 42, '女', '桃園縣', '桃園縣', 79, '視訊卡維修', '主機板維修', '英語', ''),
(58, '58', 46, '男', '高雄市', '高雄市', 77, '主機板維修', '視訊卡維修', '英語', '日語'),
(59, '59', 40, '男', '嘉義市', '嘉義市', 77, '主機板維修', '視訊卡維修', '英語', ''),
(60, '60', 35, '男', '台中市', '台中市', 79, 'AS-400', 'PC', '英語', ''),
(61, '61', 36, '男', '台北市', '台北市', 82, 'AS-400', 'PC', '英語', ''),
(62, '62', 38, '男', '台北市', '台北市', 81, '個人PC組裝', '網路硬體架構', '英語', ''),
(63, '63', 30, '男', '台北市', '台北市', 83, 'Foxpro', 'Clipper', '英語', ''),
(64, '64', 29, '男', '台南縣', '台南縣', 78, 'Visual BASIC', 'Delphi', '英語', ''),
(65, '65', 42, '男', '高雄市', '高雄市', 75, 'C++', 'Visual BASIC', '英語', '日語'),
(66, '66', 35, '女', '新竹縣', '新竹縣', 82, 'NOVELL', 'WINDOWS NT', '英語', ''),
(67, '67', 40, '女', '台北市', '台北市', 81, '資訊分析', '證券分析', '英語', '日語'),
(68, '68', 28, '男', '台北市', '台北市', 82, '廣告企劃', '市場分析', '英語', ''),
(69, '69', 31, '男', '台北市', '台北市', 81, '行銷企劃', '廣告設計', '', ''),
(70, '70', 29, '女', '台北市', '台北市', 79, '研討會企劃', '名單管理', '英語', ''),
(71, '71', 27, '男', '台北縣', '台北縣', 83, '名單分析', '行銷企劃', '', ''),
(72, '72', 26, '女', '台北縣', '台北縣', 82, '文書處理', 'EXCEL', '', ''),
(73, '73', 28, '男', '台南市', '台南市', 81, '平面美工', '行銷企劃', '', ''),
(74, '74', 35, '男', '台南縣', '台南縣', 82, '包裝設計', '平面美工', '', ''),
(75, '75', 27, '男', '高雄市', '高雄市', 82, '海報繪製', 'POP字體', '', ''),
(76, '76', 40, '女', '高雄縣', '高雄縣', 76, '廣告企劃', '產品企劃', '英語', ''),
(77, '77', 44, '男', '雲林縣', '雲林縣', 76, '產品企劃', '行銷企劃', '英語', '日語'),
(78, '78', 40, '男', '台中縣', '台中縣', 81, '人事管理', '溝通藝術', '英語', '日語'),
(79, '79', 31, '男', '台北市', '台北市', 83, '人事行政', 'WORD', '', ''),
(80, '80', 30, '男', '台南市', '台南市', 81, '人事行政', '文書處理', '英語', ''),
(81, '81', 29, '男', '高雄市', '高雄市', 79, '人事行政', '文書處理', '', ''),
(82, '82', 24, '男', '高雄市', '高雄市', 83, '文書處理', 'LOTUS', '', ''),
(83, '83', 23, '女', '台北市', '台北市', 82, '細心負責', 'EXCEL', '', ''),
(84, '84', 50, '男', '台北市', '台北市', 82, '行政管理', '人事行政', '', ''),
(85, '85', 38, '女', '新竹市', '新竹市', 83, '公共行政', '熟PC軟體', '英語', ''),
(86, '86', 30, '女', '嘉義縣', '嘉義縣', 79, '人事行政', '文書處理', '', ''),
(87, '87', 23, '女', '彰化縣', '彰化縣', 83, '行政事務', 'LOTUS', '', ''),
(88, '88', 26, '男', '台北市', '台北市', 83, '文書處理', 'LOTUS', '', ''),
(89, '89', 25, '女', '台北市', '台北市', 81, '初等會計', '文書處理', '', ''),
(90, '90', 31, '女', '台北市', '台北市', 80, '成本會計', 'LOTUS', '英語', ''),
(91, '91', 35, '男', '台南縣', '台南縣', 79, '成本會計', 'EXCEL', '', ''),
(92, '92', 40, '男', '桃園縣', '桃園縣', 74, '成本會計', '稅務', '英語', ''),
(93, '93', 43, '男', '高雄市', '高雄市', 73, '成本會計', '帳務處理', '', ''),
(94, '94', 47, '女', '新竹市', '新竹市', 74, '成本會計', '稅務', '英語', ''),
(95, '95', 20, '男', '台北市', '台北市', 83, 'LOTUS 123', 'LOTUS', '', ''),
(96, '96', 21, '男', '台北市', '台北市', 83, '文書處理', 'NOTES', '', ''),
(97, '97', 30, '女', '高雄縣', '高雄縣', 82, '圖書管理', '文書處理', '英語', '');

-- --------------------------------------------------------

--
-- 資料表結構 `product`
--

CREATE TABLE `product` (
  `id` int(10) UNSIGNED NOT NULL,
  `prod_name` varchar(64) DEFAULT NULL COMMENT '產品名稱',
  `prod_code` varchar(24) DEFAULT NULL COMMENT '產品代號',
  `price` int(10) UNSIGNED DEFAULT NULL COMMENT '單價',
  `cost` int(10) UNSIGNED DEFAULT NULL COMMENT '成本'
) ENGINE=InnoDB DEFAULT CHARSET=utf8;

--
-- 傾印資料表的資料 `product`
--

INSERT INTO `product` (`id`, `prod_name`, `prod_code`, `price`, `cost`) VALUES
(1, '486主機板VL slot *3 16MB RAM', 'MB486V3R16', 13500, 8100),
(2, '486主機板VL slot *3 32MB RAM', 'MB486V3R32', 24600, 14500),
(3, '486主機板PCI slot *3 16MB RAM', 'MB486P3R16', 15200, 8400),
(4, '486主機板PCI slot *3 32MB RAM', 'MB486P3R32', 26000, 16700),
(5, '585主機板PCI slot *3 32MB RAM', 'MB586P3R32', 32000, 19200),
(6, '586主機板PCI slot *3 16MB RAM', 'MB586P3R16', 15500, 9200),
(7, '586主機板VL slot *3 32MB RAM', 'MB586V3R32', 36500, 22000),
(8, '586主機板VL slot *3 16MB RAM', 'MB586V3R16', 15200, 8780),
(9, '586主機板EISA slot *3 32MB RAM', 'MB586E3R32', 41200, 24300),
(10, '586主機板EISA slot *3 16MB RAM', 'MB586E3R16', 18800, 9900),
(11, '586主機板EISA slot *7 32MB RAM', 'MB586E7R32', 42300, 24950),
(12, '586主機板EISA slot *7 16MB RAM', 'MB586E7R16', 21500, 12000),
(13, 'SuperVGA 1280*1024 VL BUS 1MB', 'SVGAV1M', 3850, 2400),
(14, 'SuperVGA 1280*1024 VL BUS 2MB', 'SVGAV2M', 4680, 2850),
(15, 'SuperVGA 1280*1024 PCI BUS 1MB', 'SVGAP1M', 4120, 2450),
(16, 'SuperVGA 1280*1024 PCI BUS 2MB', 'SVGAP2M', 4950, 2900),
(17, 'SCSIcard PCI BUS', 'SCSIPB', 2200, 1300),
(18, 'SCSIcard VL BUS', 'SCSIVB', 1950, 1240),
(19, 'EnhanceIDE PCI BUS', 'EIDE1RP', 2200, 1250),
(20, 'EnhanceIDE VL BUS', 'EIDE2RP', 1560, 990);

-- --------------------------------------------------------

--
-- 資料表結構 `quota`
--

CREATE TABLE `quota` (
  `id` int(1) UNSIGNED NOT NULL,
  `name` varchar(8) COLLATE utf8mb4_unicode_ci NOT NULL,
  `target` int(10) UNSIGNED NOT NULL,
  `year` year(4) NOT NULL
) ENGINE=InnoDB DEFAULT CHARSET=utf8mb4 COLLATE=utf8mb4_unicode_ci;

--
-- 傾印資料表的資料 `quota`
--

INSERT INTO `quota` (`id`, `name`, `target`, `year`) VALUES
(1, '22', 38000000, 1999),
(2, '22', 40000000, 2000),
(3, '22', 42000000, 2001),
(4, '22', 40000000, 2002),
(5, '22', 43000000, 2003),
(6, '22', 46000000, 2004),
(7, '23', 32000000, 1999),
(8, '23', 34000000, 2000),
(9, '23', 36000000, 2001),
(10, '23', 30000000, 2002),
(11, '23', 33000000, 2003),
(12, '23', 36000000, 2004),
(13, '26', 38000000, 1999),
(14, '26', 40000000, 2000),
(15, '26', 42000000, 2001),
(16, '26', 38000000, 2002),
(17, '26', 41000000, 2003),
(18, '26', 44000000, 2004),
(19, '27', 40000000, 1999),
(20, '27', 42000000, 2000),
(21, '27', 44000000, 2001),
(22, '27', 38000000, 2002),
(23, '27', 41000000, 2003),
(24, '27', 44000000, 2004),
(25, '28', 30000000, 1999),
(26, '28', 33000000, 2000),
(27, '28', 36000000, 2001),
(28, '28', 30000000, 2002),
(29, '28', 33000000, 2003),
(30, '28', 36000000, 2004),
(31, '31', 30000000, 1999),
(32, '31', 33000000, 2000),
(33, '31', 36000000, 2001),
(34, '31', 40000000, 2002),
(35, '31', 43000000, 2003),
(36, '31', 46000000, 2004),
(37, '32', 40000000, 1999),
(38, '32', 42000000, 2000),
(39, '32', 44000000, 2001),
(40, '32', 38000000, 2002),
(41, '32', 41000000, 2003),
(42, '32', 44000000, 2004),
(43, '33', 30000000, 1999),
(44, '33', 33000000, 2000),
(45, '33', 36000000, 2001),
(46, '33', 30000000, 2002),
(47, '33', 33000000, 2003),
(48, '33', 36000000, 2004),
(49, '36', 32000000, 1999),
(50, '36', 34000000, 2000),
(51, '36', 36000000, 2001),
(52, '36', 36000000, 2002),
(53, '36', 39000000, 2003),
(54, '36', 42000000, 2004),
(55, '37', 40000000, 1999),
(56, '37', 42000000, 2000),
(57, '37', 44000000, 2001),
(58, '37', 38000000, 2002),
(59, '37', 41000000, 2003),
(60, '37', 44000000, 2004),
(61, '38', 38000000, 1999),
(62, '38', 40000000, 2000),
(63, '38', 42000000, 2001),
(64, '38', 30000000, 2002),
(65, '38', 33000000, 2003),
(66, '38', 36000000, 2004),
(67, '39', 30000000, 1999),
(68, '39', 33000000, 2000),
(69, '39', 36000000, 2001),
(70, '39', 30000000, 2002),
(71, '39', 33000000, 2003),
(72, '39', 36000000, 2004),
(73, '30', 38000000, 1999),
(74, '30', 40000000, 2000),
(75, '30', 42000000, 2001),
(76, '30', 38000000, 2002),
(77, '30', 41000000, 2003),
(78, '30', 44000000, 2004),
(79, '25', 30000000, 1999),
(80, '25', 33000000, 2000),
(81, '25', 36000000, 2001),
(82, '25', 38000000, 2002),
(83, '25', 41000000, 2003),
(84, '25', 44000000, 2004),
(85, '41', 30000000, 1999),
(86, '41', 33000000, 2000),
(87, '41', 36000000, 2001),
(88, '41', 30000000, 2002),
(89, '41', 33000000, 2003),
(90, '41', 36000000, 2004),
(91, '35', 40000000, 1999),
(92, '35', 42000000, 2000),
(93, '35', 44000000, 2001),
(94, '35', 40000000, 2002),
(95, '35', 43000000, 2003),
(96, '35', 46000000, 2004);

-- --------------------------------------------------------

--
-- 資料表結構 `sales_month`
--

CREATE TABLE `sales_month` (
  `id` int(10) UNSIGNED NOT NULL,
  `custom_code` varchar(8) DEFAULT NULL COMMENT '客戶代號',
  `name` varchar(8) DEFAULT NULL COMMENT '業務姓名',
  `prod_code` varchar(12) DEFAULT NULL COMMENT '產品代號',
  `amout` int(10) UNSIGNED DEFAULT NULL COMMENT '數量',
  `year` int(4) UNSIGNED DEFAULT NULL COMMENT '交易年',
  `month` int(2) UNSIGNED DEFAULT NULL COMMENT '交易月'
) ENGINE=InnoDB DEFAULT CHARSET=utf8;

--
-- 傾印資料表的資料 `sales_month`
--

INSERT INTO `sales_month` (`id`, `custom_code`, `name`, `prod_code`, `amout`, `year`, `month`) VALUES
(1, 'A0015', '39', 'SVGAV2M', 2200, 88, 1),
(2, 'A0046', '27', 'SVGAV1M', 890, 88, 1),
(3, 'A0049', '31', 'SVGAP2M', 1350, 88, 1),
(4, 'A0050', '32', 'SCSIPB', 1250, 88, 1),
(5, 'A0053', '23', 'EIDE2RP', 1900, 88, 2),
(6, 'A0055', '38', 'MB486V3R32', 220, 88, 2),
(7, 'A0019', '25', 'SCSIVB', 480, 88, 3),
(8, 'A0026', '36', 'MB586E7R16', 1900, 88, 3),
(9, 'A0029', '32', 'SVGAP1M', 180, 88, 3),
(10, 'A0004', '22', 'MB486V3R32', 680, 88, 3),
(11, 'A0018', '35', 'SCSIPB', 240, 88, 3),
(12, 'A0033', '37', 'EIDE1RP', 580, 88, 3),
(13, 'A0034', '23', 'EIDE2RP', 900, 88, 4),
(14, 'A0036', '23', 'MB586V3R32', 860, 88, 4),
(15, 'A0039', '30', 'MB586E3R16', 900, 88, 4),
(16, 'A0019', '25', 'SVGAV1M', 920, 88, 4),
(17, 'A0039', '30', 'MB586E7R16', 1450, 88, 4),
(18, 'A0042', '22', 'SVGAV1M', 1600, 88, 4),
(19, 'A0003', '27', 'SVGAV2M', 860, 88, 4),
(20, 'A0043', '35', 'SVGAV2M', 180, 88, 4),
(21, 'A0046', '27', 'SCSIPB', 1600, 88, 5),
(22, 'A0048', '25', 'EIDE1RP', 960, 88, 5),
(23, 'A0050', '32', 'MB586V3R16', 1800, 88, 5),
(24, 'A0006', '37', 'MB486P3R32', 1200, 88, 5),
(25, 'A0021', '30', 'EIDE2RP', 480, 88, 5),
(26, 'A0044', '36', 'SVGAP1M', 1480, 88, 5),
(27, 'A0046', '27', 'EIDE1RP', 320, 88, 5),
(28, 'A0052', '26', 'MB586P3R16', 580, 88, 5),
(29, 'A0006', '37', 'SCSIPB', 60, 88, 6),
(30, 'A0008', '33', 'EIDE1RP', 1600, 88, 6),
(31, 'A0009', '35', 'EIDE2RP', 1200, 88, 6),
(32, 'A0013', '39', 'MB586V3R32', 1480, 88, 6),
(33, 'A0015', '39', 'MB586E3R32', 1500, 88, 6),
(34, 'A0011', '37', 'MB586V3R32', 350, 88, 6),
(35, 'A0012', '38', 'MB586V3R16', 700, 88, 6),
(36, 'A0014', '41', 'MB586E3R16', 1400, 88, 6),
(37, 'A0047', '28', 'SVGAV2M', 1100, 88, 7),
(38, 'A0023', '32', 'SCSIPB', 820, 88, 7),
(39, 'A0027', '30', 'MB486V3R16', 1700, 88, 7),
(40, 'A0033', '37', 'MB586V3R16', 1800, 88, 7),
(41, 'A0016', '31', 'MB586E3R16', 1650, 88, 7),
(42, 'A0039', '30', 'SVGAV2M', 240, 88, 8),
(43, 'A0044', '36', 'EIDE1RP', 1200, 88, 8),
(44, 'A0008', '33', 'SVGAP1M', 1200, 88, 8),
(45, 'A0059', '28', 'SVGAV1M', 1450, 88, 8),
(46, 'A0009', '35', 'MB586V3R16', 820, 88, 8),
(47, 'A0041', '30', 'SVGAP2M', 1100, 88, 8),
(48, 'A0051', '41', 'MB486P3R32', 480, 88, 8),
(49, 'A0021', '30', 'SVGAP1M', 720, 88, 9),
(50, 'A0049', '31', 'MB486V3R32', 1600, 88, 9),
(51, 'A0051', '41', 'MB486P3R32', 920, 88, 9),
(52, 'A0054', '23', 'MB586V3R16', 280, 88, 9),
(53, 'A0057', '32', 'MB586E7R32', 260, 88, 9),
(54, 'A0058', '33', 'MB586E7R16', 1500, 88, 9),
(55, 'A0048', '25', 'MB486V3R16', 520, 88, 9),
(56, 'A0010', '36', 'SCSIPB', 1680, 88, 10),
(57, 'A0011', '37', 'SCSIVB', 1480, 88, 10),
(58, 'A0023', '32', 'SCSIPB', 600, 88, 10),
(59, 'A0025', '35', 'EIDE1RP', 800, 88, 10),
(60, 'A0015', '39', 'EIDE2RP', 1600, 88, 10),
(61, 'A0021', '30', 'SVGAP1M', 280, 88, 11),
(62, 'A0030', '33', 'MB486P3R32', 400, 88, 11),
(63, 'A0033', '37', 'MB586V3R16', 160, 88, 11),
(64, 'A0034', '23', 'MB586E3R32', 1600, 88, 11),
(65, 'A0038', '27', 'MB486P3R32', 800, 88, 11),
(66, 'A0017', '33', 'MB586E7R32', 2000, 88, 11),
(67, 'A0035', '25', 'MB486V3R16', 1500, 88, 11),
(68, 'A0041', '30', 'MB586V3R16', 600, 88, 12),
(69, 'A0043', '35', 'MB586E3R16', 400, 88, 12),
(70, 'A0052', '26', 'EIDE1RP', 1000, 88, 12),
(71, 'A0001', '22', 'MB486V3R16', 350, 89, 1),
(72, 'A0014', '41', 'SVGAV1M', 900, 89, 1),
(73, 'A0016', '31', 'SVGAP1M', 1400, 89, 1),
(74, 'A0020', '28', 'EIDE1RP', 900, 89, 2),
(75, 'A0017', '33', 'SVGAP2M', 200, 89, 3),
(76, 'A0027', '30', 'SVGAV1M', 80, 89, 3),
(77, 'A0028', '38', 'SVGAV2M', 2100, 89, 3),
(78, 'A0030', '33', 'SVGAP2M', 2800, 89, 3),
(79, 'A0031', '39', 'SCSIPB', 120, 89, 3),
(80, 'A0035', '25', 'MB586P3R16', 1000, 89, 4),
(81, 'A0038', '27', 'MB586E3R32', 800, 89, 4),
(82, 'A0041', '30', 'MB586E7R16', 200, 89, 4),
(83, 'A0002', '26', 'SVGAV1M', 900, 89, 5),
(84, 'A0019', '25', 'SVGAV1M', 600, 89, 5),
(85, 'A0047', '28', 'SCSIVB', 430, 89, 5),
(86, 'A0049', '31', 'EIDE2RP', 1400, 89, 5),
(87, 'A0051', '41', 'MB586E3R32', 1900, 89, 5),
(88, 'A0052', '26', 'MB586E3R16', 1750, 89, 5),
(89, 'A0053', '23', 'MB586E7R32', 340, 89, 5),
(90, 'A0004', '22', 'SVGAP1M', 800, 89, 6),
(91, 'A0005', '27', 'SVGAP2M', 520, 89, 6),
(92, 'A0007', '22', 'SCSIVB', 1580, 89, 6),
(93, 'A0010', '36', 'MB486P3R16', 1480, 89, 6),
(94, 'A0011', '37', 'MB486P3R32', 100, 89, 6),
(95, 'A0012', '38', 'MB586P3R16', 1980, 89, 6),
(96, 'A0014', '41', 'MB586V3R16', 1500, 89, 6),
(97, 'A0016', '31', 'MB586E3R16', 180, 89, 6),
(98, 'A0022', '31', 'MB586V3R16', 340, 89, 6),
(99, 'A0020', '28', 'SVGAV2M', 1000, 89, 7),
(100, 'A0024', '31', 'SCSIVB', 600, 89, 7),
(101, 'A0025', '35', 'EIDE1RP', 1400, 89, 7),
(102, 'A0031', '39', 'MB586P3R16', 180, 89, 7),
(103, 'A0032', '41', 'MB586V3R32', 2100, 89, 7),
(104, 'A0017', '33', 'MB586E7R32', 1440, 89, 8),
(105, 'A0035', '25', 'MB586E3R16', 1200, 89, 8),
(106, 'A0036', '23', 'MB586E7R32', 160, 89, 8),
(107, 'A0037', '26', 'MB586E7R16', 600, 89, 8),
(108, 'A0040', '28', 'SVGAP1M', 220, 89, 8),
(109, 'A0042', '22', 'SCSIPB', 260, 89, 8),
(110, 'A0045', '26', 'EIDE2RP', 1400, 89, 8),
(111, 'A0047', '28', 'MB586V3R32', 1200, 89, 8),
(112, 'A0048', '25', 'MB486V3R16', 1400, 89, 9),
(113, 'A0050', '32', 'MB486P3R16', 1100, 89, 9),
(114, 'A0052', '26', 'MB586P3R16', 1020, 89, 9),
(115, 'A0053', '23', 'MB586V3R32', 250, 89, 9),
(116, 'A0055', '38', 'MB586E3R32', 130, 89, 9),
(117, 'A0056', '37', 'MB586E3R16', 160, 89, 9),
(118, 'A0060', '36', 'SVGAV2M', 1400, 89, 9),
(119, 'A0009', '35', 'SVGAP2M', 600, 89, 10),
(120, 'A0012', '38', 'EIDE1RP', 1500, 89, 10),
(121, 'A0013', '39', 'EIDE2RP', 1800, 89, 10),
(122, 'A0014', '41', 'EIDE1RP', 1450, 89, 10),
(123, 'A0018', '35', 'MB586E7R16', 1280, 89, 10),
(124, 'A0022', '31', 'SVGAP2M', 410, 89, 10),
(125, 'A0024', '31', 'SCSIVB', 720, 89, 10),
(126, 'A0026', '36', 'EIDE2RP', 180, 89, 10),
(127, 'A0028', '38', 'MB486V3R32', 220, 89, 11),
(128, 'A0029', '32', 'MB486P3R16', 520, 89, 11),
(129, 'A0032', '41', 'MB586V3R32', 120, 89, 11),
(130, 'A0037', '26', 'MB486P3R16', 1500, 89, 11),
(131, 'A0039', '30', 'MB586P3R16', 980, 89, 11),
(132, 'A0018', '35', 'MB586E7R16', 300, 89, 12),
(133, 'A0040', '28', 'MB586V3R32', 820, 89, 12),
(134, 'A0042', '22', 'MB586E3R32', 600, 89, 12),
(135, 'A0044', '36', 'MB586E7R32', 600, 89, 12),
(136, 'A0045', '26', 'MB586E7R16', 900, 89, 12),
(137, 'A0056', '37', 'MB486P3R16', 220, 90, 3),
(138, 'A0006', '37', 'MB486V3R16', 500, 90, 6),
(139, 'A0056', '37', 'MB586E3R16', 280, 90, 7),
(140, 'A0011', '37', 'MB586E3R16', 820, 90, 10),
(141, 'A0042', '22', 'SVGAP1M', 300, 90, 3),
(142, 'A0001', '22', 'MB586E7R16', 400, 90, 5),
(143, 'A0007', '22', 'MB586P3R16', 1050, 90, 5),
(144, 'A0007', '22', 'MB486V3R32', 220, 90, 6),
(145, 'A0040', '28', 'MB586E7R32', 480, 90, 4),
(146, 'A0059', '28', 'SVGAV1M', 900, 90, 4),
(147, 'A0047', '28', 'EIDE2RP', 700, 90, 5),
(148, 'A0059', '28', 'MB586V3R32', 300, 90, 6),
(149, 'A0040', '28', 'SVGAV1M', 180, 90, 9),
(150, 'A0043', '35', 'SVGAP2M', 1000, 90, 4),
(151, 'A0009', '35', 'MB486P3R32', 200, 90, 6),
(152, 'A0043', '35', 'SCSIVB', 1100, 90, 8),
(153, 'A0025', '35', 'MB586E7R32', 800, 90, 9),
(154, 'A0002', '26', 'MB486V3R16', 150, 90, 3),
(155, 'A0037', '26', 'MB586E3R16', 150, 90, 3),
(156, 'A0037', '26', 'MB586V3R16', 300, 90, 4),
(157, 'A0045', '26', 'SCSIVB', 800, 90, 4),
(158, 'A0045', '26', 'SVGAP2M', 2500, 90, 5),
(159, 'A0020', '26', 'SVGAV2M', 200, 90, 6),
(160, 'A0049', '31', 'MB486V3R32', 500, 90, 3),
(161, 'A0024', '31', 'MB586E3R16', 120, 90, 8),
(162, 'A0022', '31', 'SVGAP2M', 800, 90, 10),
(163, 'A0031', '39', 'MB586P3R16', 260, 90, 1),
(164, 'A0013', '39', 'MB586E3R32', 880, 90, 6),
(165, 'A0013', '39', 'MB586E7R16', 500, 90, 12),
(166, 'A0008', '33', 'MB586V3R32', 600, 90, 1),
(167, 'A0058', '33', 'MB586P3R16', 200, 90, 1),
(168, 'A0058', '33', 'MB586E7R16', 560, 90, 2),
(169, 'A0030', '33', 'MB486P3R32', 380, 90, 5),
(170, 'A0008', '33', 'MB486P3R16', 600, 90, 6),
(171, 'A0054', '23', 'MB486V3R16', 800, 90, 2),
(172, 'A0054', '23', 'MB586V3R16', 420, 90, 5),
(173, 'A0036', '23', 'MB586E3R32', 600, 90, 6),
(174, 'A0036', '23', 'MB486V3R32', 600, 90, 11),
(175, 'A0051', '41', 'SCSIVB', 1050, 90, 1),
(176, 'A0032', '41', 'SCSIVB', 120, 90, 3),
(177, 'A0034', '41', 'MB586E3R32', 950, 90, 8),
(178, 'A0053', '41', 'MB586V3R32', 400, 90, 11),
(179, 'A0050', '32', 'MB486P3R16', 620, 90, 5),
(180, 'A0023', '32', 'MB586E3R32', 720, 90, 6),
(181, 'A0057', '32', 'MB586E7R32', 380, 90, 6),
(182, 'A0029', '32', 'MB486P3R16', 220, 90, 8),
(183, 'A0003', '27', 'MB486V3R16', 140, 90, 3),
(184, 'A0005', '27', 'MB486P3R16', 720, 90, 4),
(185, 'A0038', '27', 'MB586E7R32', 580, 90, 4),
(186, 'A0046', '27', 'MB586P3R16', 900, 90, 8),
(187, 'A0028', '38', 'MB486V3R32', 620, 90, 2),
(188, 'A0055', '38', 'MB586E3R32', 440, 90, 5),
(189, 'A0012', '38', 'MB586E7R32', 700, 90, 11),
(190, 'A0010', '30', 'MB586E3R32', 580, 90, 1),
(191, 'A0041', '30', 'SVGAV2M', 180, 90, 4),
(192, 'A0010', '30', 'MB586P3R16', 280, 90, 6),
(193, 'A0027', '30', 'MB486V3R16', 260, 90, 11),
(194, 'A0048', '25', 'SVGAP1M', 1100, 90, 1),
(195, 'A0057', '25', 'MB486P3R32', 300, 90, 8),
(196, 'A0038', '25', 'SVGAV1M', 550, 90, 8),
(197, 'A0060', '36', 'MB586V3R16', 680, 90, 3),
(198, 'A0044', '36', 'SCSIPB', 1020, 90, 4),
(199, 'A0026', '36', 'EIDE2RP', 1180, 90, 7),
(200, 'A0060', '36', 'SVGAV2M', 750, 90, 12),
(201, 'A0001', '22', 'MB486V3R16', 330, 89, 1),
(202, 'A0014', '41', 'SVGAV1M', 900, 89, 1),
(203, 'A0015', '39', 'SVGAV2M', 1600, 89, 1),
(204, 'A0016', '31', 'SVGAP1M', 1100, 89, 1),
(205, 'A0020', '28', 'EIDE1RP', 980, 89, 2),
(206, 'A0017', '33', 'SVGAP2M', 280, 89, 3),
(207, 'A0019', '25', 'SCSIVB', 440, 89, 3),
(208, 'A0026', '36', 'MB586E7R16', 1000, 89, 3),
(209, 'A0027', '30', 'SVGAV1M', 120, 89, 3),
(210, 'A0028', '38', 'SVGAV2M', 1950, 89, 3),
(211, 'A0029', '32', 'SVGAP1M', 190, 89, 3),
(212, 'A0030', '33', 'SVGAP2M', 2400, 89, 3),
(213, 'A0031', '39', 'SCSIPB', 200, 89, 3),
(214, 'A0034', '23', 'EIDE2RP', 950, 89, 4),
(215, 'A0035', '25', 'MB586P3R16', 1100, 89, 4),
(216, 'A0036', '23', 'MB586V3R32', 580, 89, 4),
(217, 'A0038', '27', 'MB586E3R32', 1000, 89, 4),
(218, 'A0039', '30', 'MB586E3R16', 950, 89, 4),
(219, 'A0041', '30', 'MB586E7R16', 180, 89, 4),
(220, 'A0002', '26', 'SVGAV1M', 700, 89, 5),
(221, 'A0003', '27', 'SVGAV2M', 950, 89, 5),
(222, 'A0019', '25', 'SVGAV1M', 600, 89, 5),
(223, 'A0043', '35', 'SVGAV2M', 200, 89, 5),
(224, 'A0046', '27', 'SCSIPB', 1600, 89, 5),
(225, 'A0047', '28', 'SCSIVB', 500, 89, 5),
(226, 'A0048', '25', 'EIDE1RP', 900, 89, 5),
(227, 'A0049', '31', 'EIDE2RP', 1200, 89, 5),
(228, 'A0050', '32', 'MB586V3R16', 1600, 89, 5),
(229, 'A0051', '41', 'MB586E3R32', 1900, 89, 5),
(230, 'A0052', '26', 'MB586E3R16', 1800, 89, 5),
(231, 'A0053', '23', 'MB586E7R32', 280, 89, 5),
(232, 'A0004', '22', 'SVGAP1M', 800, 89, 6),
(233, 'A0005', '27', 'SVGAP2M', 480, 89, 6),
(234, 'A0006', '37', 'SCSIPB', 150, 89, 6),
(235, 'A0007', '22', 'SCSIVB', 1600, 89, 6),
(236, 'A0008', '33', 'EIDE1RP', 1400, 89, 6),
(237, 'A0009', '35', 'EIDE2RP', 1200, 89, 6),
(238, 'A0010', '36', 'MB486P3R16', 1500, 89, 6),
(239, 'A0011', '37', 'MB486P3R32', 100, 89, 6),
(240, 'A0012', '38', 'MB586P3R16', 1480, 89, 6),
(241, 'A0013', '39', 'MB586V3R32', 1280, 89, 6),
(242, 'A0014', '41', 'MB586V3R16', 1500, 89, 6),
(243, 'A0015', '39', 'MB586E3R32', 1350, 89, 6),
(244, 'A0016', '31', 'MB586E3R16', 1700, 89, 6),
(245, 'A0022', '31', 'MB586V3R16', 380, 89, 6),
(246, 'A0020', '28', 'SVGAV2M', 1000, 89, 7),
(247, 'A0023', '32', 'SCSIPB', 800, 89, 7),
(248, 'A0024', '31', 'SCSIVB', 400, 89, 7),
(249, 'A0025', '35', 'EIDE1RP', 1460, 89, 7),
(250, 'A0027', '30', 'MB486V3R16', 1720, 89, 7),
(251, 'A0031', '39', 'MB586P3R16', 150, 89, 7),
(252, 'A0032', '41', 'MB586V3R32', 2100, 89, 7),
(253, 'A0033', '37', 'MB586V3R16', 1800, 89, 7),
(254, 'A0017', '33', 'MB586E7R32', 1220, 89, 8),
(255, 'A0035', '25', 'MB586E3R16', 1200, 89, 8),
(256, 'A0036', '23', 'MB586E7R32', 160, 89, 8),
(257, 'A0037', '26', 'MB586E7R16', 580, 89, 8),
(258, 'A0039', '30', 'SVGAV2M', 240, 89, 8),
(259, 'A0040', '28', 'SVGAP1M', 220, 89, 8),
(260, 'A0042', '22', 'SCSIPB', 260, 89, 8),
(261, 'A0044', '36', 'EIDE1RP', 1100, 89, 8),
(262, 'A0045', '26', 'EIDE2RP', 1400, 89, 8),
(263, 'A0047', '28', 'MB586V3R32', 1200, 89, 8),
(264, 'A0008', '33', 'SVGAP1M', 900, 89, 9),
(265, 'A0021', '30', 'SVGAP1M', 780, 89, 9),
(266, 'A0048', '25', 'MB486V3R16', 1580, 89, 9),
(267, 'A0049', '31', 'MB486V3R32', 1450, 89, 9),
(268, 'A0050', '32', 'MB486P3R16', 1100, 89, 9),
(269, 'A0051', '41', 'MB486P3R32', 920, 89, 9),
(270, 'A0052', '26', 'MB586P3R16', 1200, 89, 9),
(271, 'A0053', '23', 'MB586V3R32', 260, 89, 9),
(272, 'A0054', '23', 'MB586V3R16', 220, 89, 9),
(273, 'A0055', '38', 'MB586E3R32', 140, 89, 9),
(274, 'A0056', '37', 'MB586E3R16', 160, 89, 9),
(275, 'A0057', '32', 'MB586E7R32', 260, 89, 9),
(276, 'A0058', '33', 'MB586E7R16', 1830, 89, 9),
(277, 'A0059', '28', 'SVGAV1M', 1270, 89, 9),
(278, 'A0060', '36', 'SVGAV2M', 1340, 89, 9),
(279, 'A0009', '35', 'SVGAP2M', 600, 89, 10),
(280, 'A0010', '36', 'SCSIPB', 1520, 89, 10),
(281, 'A0011', '37', 'SCSIVB', 1460, 89, 10),
(282, 'A0012', '38', 'EIDE1RP', 1400, 89, 10),
(283, 'A0013', '39', 'EIDE2RP', 2150, 89, 10),
(284, 'A0014', '41', 'EIDE1RP', 1150, 89, 10),
(285, 'A0018', '35', 'MB586E7R16', 1190, 89, 10),
(286, 'A0022', '31', 'SVGAP2M', 350, 89, 10),
(287, 'A0023', '32', 'SCSIPB', 600, 89, 10),
(288, 'A0024', '31', 'SCSIVB', 580, 89, 10),
(289, 'A0025', '35', 'EIDE1RP', 640, 89, 10),
(290, 'A0026', '36', 'EIDE2RP', 300, 89, 10),
(291, 'A0021', '30', 'SVGAP1M', 300, 89, 11),
(292, 'A0028', '38', 'MB486V3R32', 180, 89, 11),
(293, 'A0029', '32', 'MB486P3R16', 520, 89, 11),
(294, 'A0030', '33', 'MB486P3R32', 360, 89, 11),
(295, 'A0032', '41', 'MB586V3R32', 120, 89, 11),
(296, 'A0033', '37', 'MB586V3R16', 150, 89, 11),
(297, 'A0034', '23', 'MB586E3R32', 1250, 89, 11),
(298, 'A0037', '26', 'MB486P3R16', 1500, 89, 11),
(299, 'A0038', '27', 'MB486P3R32', 1000, 89, 11),
(300, 'A0039', '30', 'MB586P3R16', 980, 89, 11),
(301, 'A0018', '35', 'MB586E7R16', 350, 89, 12),
(302, 'A0040', '28', 'MB586V3R32', 820, 89, 12),
(303, 'A0041', '30', 'MB586V3R16', 600, 89, 12),
(304, 'A0042', '22', 'MB586E3R32', 580, 89, 12),
(305, 'A0043', '35', 'MB586E3R16', 400, 89, 12),
(306, 'A0044', '36', 'MB586E7R32', 580, 89, 12),
(307, 'A0045', '26', 'MB586E7R16', 880, 89, 12),
(308, 'A0008', '33', 'MB586V3R32', 560, 90, 1),
(309, 'A0010', '36', 'MB586E3R32', 520, 90, 1),
(310, 'A0031', '39', 'MB586P3R16', 220, 90, 1),
(311, 'A0046', '27', 'SVGAV1M', 1200, 90, 1),
(312, 'A0048', '25', 'SVGAP1M', 1100, 90, 1),
(313, 'A0049', '31', 'SVGAP2M', 1250, 90, 1),
(314, 'A0050', '32', 'SCSIPB', 1200, 90, 1),
(315, 'A0051', '41', 'SCSIVB', 1000, 90, 1),
(316, 'A0058', '33', 'MB586P3R16', 300, 90, 1),
(317, 'A0028', '38', 'MB486V3R32', 580, 90, 2),
(318, 'A0053', '23', 'EIDE2RP', 2300, 90, 2),
(319, 'A0054', '23', 'MB486V3R16', 1150, 90, 2),
(320, 'A0055', '38', 'MB486V3R32', 260, 90, 2),
(321, 'A0058', '33', 'MB586E7R16', 1050, 90, 2),
(322, 'A0002', '26', 'MB486V3R16', 250, 90, 3),
(323, 'A0003', '27', 'MB486V3R16', 180, 90, 3),
(324, 'A0004', '22', 'MB486V3R32', 600, 90, 3),
(325, 'A0018', '35', 'SCSIPB', 240, 90, 3),
(326, 'A0032', '41', 'SCSIVB', 160, 90, 3),
(327, 'A0033', '37', 'EIDE1RP', 540, 90, 3),
(328, 'A0037', '26', 'MB586E3R16', 220, 90, 3),
(329, 'A0042', '22', 'SVGAP1M', 300, 90, 3),
(330, 'A0049', '31', 'MB486V3R32', 520, 90, 3),
(331, 'A0056', '37', 'MB486P3R16', 240, 90, 3),
(332, 'A0060', '36', 'MB586V3R16', 700, 90, 3),
(333, 'A0005', '27', 'MB486P3R16', 620, 90, 4),
(334, 'A0019', '25', 'SVGAV1M', 840, 90, 4),
(335, 'A0037', '26', 'MB586V3R16', 280, 90, 4),
(336, 'A0038', '27', 'MB586E7R32', 1100, 90, 4),
(337, 'A0039', '30', 'MB586E7R16', 1250, 90, 4),
(338, 'A0040', '28', 'MB586E7R32', 1800, 90, 4),
(339, 'A0041', '30', 'SVGAV2M', 180, 90, 4),
(340, 'A0042', '22', 'SVGAV1M', 1600, 90, 4),
(341, 'A0043', '35', 'SVGAP2M', 1000, 90, 4),
(342, 'A0044', '36', 'SCSIPB', 950, 90, 4),
(343, 'A0045', '26', 'SCSIVB', 600, 90, 4),
(344, 'A0059', '28', 'SVGAV1M', 840, 90, 4),
(345, 'A0001', '22', 'MB586E7R16', 1500, 90, 5),
(346, 'A0006', '37', 'MB486P3R32', 900, 90, 5),
(347, 'A0007', '22', 'MB586P3R16', 3200, 90, 5),
(348, 'A0021', '30', 'EIDE2RP', 600, 90, 5),
(349, 'A0030', '33', 'MB486P3R32', 240, 90, 5),
(350, 'A0044', '36', 'SVGAP1M', 1500, 90, 5),
(351, 'A0045', '26', 'SVGAP2M', 1800, 90, 5),
(352, 'A0046', '27', 'EIDE1RP', 300, 90, 5),
(353, 'A0047', '28', 'EIDE2RP', 700, 90, 5),
(354, 'A0050', '32', 'MB486P3R16', 620, 90, 5),
(355, 'A0052', '26', 'MB586P3R16', 580, 90, 5),
(356, 'A0054', '23', 'MB586V3R16', 260, 90, 5),
(357, 'A0055', '38', 'MB586E3R32', 520, 90, 5),
(358, 'A0006', '37', 'MB486V3R16', 480, 90, 6),
(359, 'A0007', '22', 'MB486V3R32', 200, 90, 6),
(360, 'A0008', '33', 'MB486P3R16', 600, 90, 6),
(361, 'A0009', '35', 'MB486P3R32', 650, 90, 6),
(362, 'A0010', '36', 'MB586P3R16', 270, 90, 6),
(363, 'A0011', '37', 'MB586V3R32', 300, 90, 6),
(364, 'A0012', '38', 'MB586V3R16', 360, 90, 6),
(365, 'A0013', '39', 'MB586E3R32', 1100, 90, 6),
(366, 'A0014', '41', 'MB586E3R16', 1200, 90, 6),
(367, 'A0020', '28', 'SVGAV2M', 220, 90, 6),
(368, 'A0023', '32', 'MB586E3R32', 1900, 90, 6),
(369, 'A0036', '23', 'MB586E3R32', 600, 90, 6),
(370, 'A0047', '28', 'SVGAV2M', 1100, 90, 6),
(371, 'A0057', '32', 'MB586E7R32', 1200, 90, 6),
(372, 'A0059', '28', 'MB586V3R32', 600, 90, 6),
(373, 'A0016', '31', 'MB586E3R16', 1600, 90, 7),
(374, 'A0026', '36', 'EIDE2RP', 1400, 90, 7),
(375, 'A0056', '37', 'MB586E3R16', 220, 90, 7),
(376, 'A0009', '35', 'MB586V3R16', 700, 90, 8),
(377, 'A0024', '31', 'MB586E3R16', 150, 90, 8),
(378, 'A0029', '32', 'MB486P3R16', 280, 90, 8),
(379, 'A0034', '23', 'MB586E3R32', 1200, 90, 8),
(380, 'A0038', '27', 'SVGAV1M', 600, 90, 8),
(381, 'A0041', '30', 'SVGAP2M', 1100, 90, 8),
(382, 'A0043', '35', 'SCSIVB', 1100, 90, 8),
(383, 'A0046', '27', 'MB586P3R16', 1700, 90, 8),
(384, 'A0051', '41', 'MB486P3R32', 450, 90, 8),
(385, 'A0057', '32', 'MB486P3R32', 300, 90, 8),
(386, 'A0025', '35', 'MB586E7R32', 1600, 90, 9),
(387, 'A0040', '28', 'SVGAV1M', 160, 90, 9),
(388, 'A0048', '25', 'MB486V3R16', 500, 90, 9),
(389, 'A0011', '37', 'MB586E3R16', 260, 90, 10),
(390, 'A0015', '39', 'EIDE2RP', 1460, 90, 10),
(391, 'A0022', '31', 'SVGAP2M', 700, 90, 10),
(392, 'A0012', '38', 'MB586E7R32', 660, 90, 11),
(393, 'A0017', '33', 'MB586E7R32', 1900, 90, 11),
(394, 'A0027', '30', 'MB486V3R16', 260, 90, 11),
(395, 'A0035', '25', 'MB486V3R16', 1100, 90, 11),
(396, 'A0036', '23', 'MB486V3R32', 1600, 90, 11),
(397, 'A0053', '23', 'MB586V3R32', 300, 90, 11),
(398, 'A0013', '39', 'MB586E7R16', 350, 90, 12),
(399, 'A0052', '26', 'EIDE1RP', 1000, 90, 12),
(400, 'A0060', '36', 'SVGAV2M', 750, 90, 12);

-- --------------------------------------------------------

--
-- 資料表結構 `sales_year`
--

CREATE TABLE `sales_year` (
  `id` int(10) UNSIGNED NOT NULL,
  `custom_code` varchar(8) DEFAULT NULL COMMENT '客戶代號',
  `name` varchar(8) DEFAULT NULL COMMENT '業務姓名',
  `prod_code` varchar(12) DEFAULT NULL COMMENT '產品代號',
  `amout` int(10) UNSIGNED DEFAULT NULL COMMENT '數量',
  `year` year(4) NOT NULL
) ENGINE=InnoDB DEFAULT CHARSET=utf8;

--
-- 傾印資料表的資料 `sales_year`
--

INSERT INTO `sales_year` (`id`, `custom_code`, `name`, `prod_code`, `amout`, `year`) VALUES
(1, 'A0001', '22', 'MB486V3R16', 1200, 2002),
(2, 'A0001', '22', 'MB486V3R16', 1300, 2003),
(3, 'A0001', '22', 'MB486V3R16', 1100, 2004),
(4, 'A0014', '41', 'SVGAV1M', 1000, 2002),
(5, 'A0014', '41', 'SVGAV1M', 1250, 2003),
(6, 'A0014', '41', 'SVGAV1M', 880, 2004),
(7, 'A0015', '39', 'SVGAV2M', 1600, 2002),
(8, 'A0015', '39', 'SVGAV2M', 1500, 2003),
(9, 'A0015', '39', 'SVGAV2M', 900, 2004),
(10, 'A0016', '31', 'SVGAP1M', 1150, 2002),
(11, 'A0016', '31', 'SVGAP1M', 900, 2003),
(12, 'A0016', '31', 'SVGAP1M', 1200, 2004),
(13, 'A0020', '28', 'EIDE1RP', 1100, 2002),
(14, 'A0020', '28', 'EIDE1RP', 1450, 2003),
(15, 'A0020', '28', 'EIDE1RP', 1000, 2004),
(16, 'A0017', '33', 'SVGAP2M', 800, 2002),
(17, 'A0017', '33', 'SVGAP2M', 1600, 2003),
(18, 'A0017', '33', 'SVGAP2M', 900, 2004),
(19, 'A0019', '25', 'SCSIVB', 700, 2002),
(20, 'A0019', '25', 'SCSIVB', 1500, 2003),
(21, 'A0019', '25', 'SCSIVB', 1350, 2004),
(22, 'A0026', '36', 'MB586E7R16', 1100, 2002),
(23, 'A0026', '36', 'MB586E7R16', 900, 2003),
(24, 'A0026', '36', 'MB586E7R16', 1200, 2004),
(25, 'A0027', '30', 'SVGAV1M', 1000, 2002),
(26, 'A0027', '30', 'SVGAV1M', 900, 2003),
(27, 'A0027', '30', 'SVGAV1M', 1100, 2004),
(28, 'A0028', '38', 'SVGAV2M', 1700, 2002),
(29, 'A0028', '38', 'SVGAV2M', 1000, 2003),
(30, 'A0028', '38', 'SVGAV2M', 800, 2004),
(31, 'A0029', '32', 'SVGAP1M', 700, 2002),
(32, 'A0029', '32', 'SVGAP1M', 700, 2003),
(33, 'A0029', '32', 'SVGAP1M', 1200, 2004),
(34, 'A0030', '33', 'SVGAP2M', 3200, 2002),
(35, 'A0030', '33', 'SVGAP2M', 1400, 2003),
(36, 'A0030', '33', 'SVGAP2M', 1100, 2004),
(37, 'A0031', '39', 'SCSIPB', 800, 2002),
(38, 'A0031', '39', 'SCSIPB', 1500, 2003),
(39, 'A0031', '39', 'SCSIPB', 800, 2004),
(40, 'A0034', '23', 'EIDE2RP', 900, 2002),
(41, 'A0034', '23', 'EIDE2RP', 900, 2003),
(42, 'A0034', '23', 'EIDE2RP', 1000, 2004),
(43, 'A0035', '25', 'MB586P3R16', 800, 2002),
(44, 'A0035', '25', 'MB586P3R16', 900, 2003),
(45, 'A0035', '25', 'MB586P3R16', 1800, 2004),
(46, 'A0036', '23', 'MB586V3R32', 700, 2002),
(47, 'A0036', '23', 'MB586V3R32', 600, 2003),
(48, 'A0036', '23', 'MB586V3R32', 1600, 2004),
(49, 'A0038', '27', 'MB586E3R32', 800, 2002),
(50, 'A0038', '27', 'MB586E3R32', 1700, 2003),
(51, 'A0038', '27', 'MB586E3R32', 1100, 2004),
(52, 'A0039', '30', 'MB586E3R16', 900, 2002),
(53, 'A0039', '30', 'MB586E3R16', 1100, 2003),
(54, 'A0039', '30', 'MB586E3R16', 800, 2004),
(55, 'A0041', '30', 'MB586E7R16', 1000, 2002),
(56, 'A0041', '30', 'MB586E7R16', 700, 2003),
(57, 'A0041', '30', 'MB586E7R16', 500, 2004),
(58, 'A0002', '26', 'SVGAV1M', 1400, 2002),
(59, 'A0002', '26', 'SVGAV1M', 1600, 2003),
(60, 'A0002', '26', 'SVGAV1M', 1200, 2004),
(61, 'A0003', '27', 'SVGAV2M', 900, 2002),
(62, 'A0003', '27', 'SVGAV2M', 1800, 2003),
(63, 'A0003', '27', 'SVGAV2M', 1000, 2004),
(64, 'A0043', '35', 'SVGAV2M', 1000, 2002),
(65, 'A0043', '35', 'SVGAV2M', 600, 2003),
(66, 'A0043', '35', 'SVGAV2M', 480, 2004),
(67, 'A0046', '27', 'SCSIPB', 1620, 2002),
(68, 'A0046', '27', 'SCSIPB', 980, 2003),
(69, 'A0046', '27', 'SCSIPB', 1000, 2004),
(70, 'A0047', '28', 'SCSIVB', 670, 2002),
(71, 'A0047', '28', 'SCSIVB', 1200, 2003),
(72, 'A0047', '28', 'SCSIVB', 800, 2004),
(73, 'A0048', '25', 'EIDE1RP', 900, 2002),
(74, 'A0048', '25', 'EIDE1RP', 1100, 2003),
(75, 'A0048', '25', 'EIDE1RP', 1000, 2004),
(76, 'A0049', '31', 'EIDE2RP', 1800, 2002),
(77, 'A0049', '31', 'EIDE2RP', 900, 2003),
(78, 'A0049', '31', 'EIDE2RP', 1300, 2004),
(79, 'A0004', '22', 'SVGAP1M', 800, 2002),
(80, 'A0004', '22', 'SVGAP1M', 1700, 2003),
(81, 'A0004', '22', 'SVGAP1M', 1200, 2004),
(82, 'A0005', '27', 'SVGAP2M', 650, 2002),
(83, 'A0005', '27', 'SVGAP2M', 560, 2003),
(84, 'A0005', '27', 'SVGAP2M', 980, 2004),
(85, 'A0006', '37', 'SCSIPB', 1200, 2002),
(86, 'A0006', '37', 'SCSIPB', 1600, 2003),
(87, 'A0006', '37', 'SCSIPB', 1000, 2004),
(88, 'A0007', '22', 'SCSIVB', 2800, 2002),
(89, 'A0007', '22', 'SCSIVB', 700, 2003),
(90, 'A0007', '22', 'SCSIVB', 1250, 2004),
(91, 'A0008', '33', 'EIDE1RP', 900, 2002),
(92, 'A0008', '33', 'EIDE1RP', 1000, 2003),
(93, 'A0008', '33', 'EIDE1RP', 1800, 2004),
(94, 'A0009', '35', 'EIDE2RP', 700, 2002),
(95, 'A0009', '35', 'EIDE2RP', 800, 2003),
(96, 'A0009', '35', 'EIDE2RP', 1350, 2004),
(97, 'A0010', '36', 'MB486P3R16', 700, 2002),
(98, 'A0010', '36', 'MB486P3R16', 900, 2003),
(99, 'A0010', '36', 'MB486P3R16', 600, 2004),
(100, 'A0011', '37', 'MB486P3R32', 600, 2002),
(101, 'A0011', '37', 'MB486P3R32', 1200, 2003),
(102, 'A0011', '37', 'MB486P3R32', 960, 2004),
(103, 'A0012', '38', 'MB586P3R16', 1100, 2002),
(104, 'A0012', '38', 'MB586P3R16', 1500, 2003),
(105, 'A0012', '38', 'MB586P3R16', 330, 2004),
(106, 'A0013', '39', 'MB586V3R32', 980, 2002),
(107, 'A0013', '39', 'MB586V3R32', 1600, 2003),
(108, 'A0013', '39', 'MB586V3R32', 1250, 2004),
(109, 'A0022', '31', 'MB586V3R16', 400, 2002),
(110, 'A0022', '31', 'MB586V3R16', 1980, 2003),
(111, 'A0022', '31', 'MB586V3R16', 480, 2004),
(112, 'A0023', '32', 'SCSIPB', 1680, 2002),
(113, 'A0023', '32', 'SCSIPB', 780, 2003),
(114, 'A0023', '32', 'SCSIPB', 1000, 2004),
(115, 'A0024', '31', 'SCSIVB', 880, 2002),
(116, 'A0024', '31', 'SCSIVB', 760, 2003),
(117, 'A0024', '31', 'SCSIVB', 1000, 2004),
(118, 'A0025', '35', 'EIDE1RP', 1600, 2002),
(119, 'A0025', '35', 'EIDE1RP', 1000, 2003),
(120, 'A0025', '35', 'EIDE1RP', 770, 2004),
(121, 'A0032', '41', 'MB586V3R32', 800, 2002),
(122, 'A0032', '41', 'MB586V3R32', 1700, 2003),
(123, 'A0032', '41', 'MB586V3R32', 1000, 2004),
(124, 'A0033', '37', 'MB586V3R16', 600, 2002),
(125, 'A0033', '37', 'MB586V3R16', 700, 2003),
(126, 'A0033', '37', 'MB586V3R16', 800, 2004),
(127, 'A0037', '26', 'MB586E7R16', 1450, 2002),
(128, 'A0037', '26', 'MB586E7R16', 2100, 2003),
(129, 'A0037', '26', 'MB586E7R16', 1500, 2004),
(130, 'A0040', '28', 'SVGAP1M', 1680, 2002),
(131, 'A0040', '28', 'SVGAP1M', 1000, 2003),
(132, 'A0040', '28', 'SVGAP1M', 680, 2004),
(133, 'A0042', '22', 'SCSIPB', 1680, 2002),
(134, 'A0042', '22', 'SCSIPB', 660, 2003),
(135, 'A0042', '22', 'SCSIPB', 1480, 2004),
(136, 'A0044', '36', 'EIDE1RP', 1580, 2002),
(137, 'A0044', '36', 'EIDE1RP', 1000, 2003),
(138, 'A0044', '36', 'EIDE1RP', 700, 2004),
(139, 'A0045', '26', 'EIDE2RP', 2200, 2002),
(140, 'A0045', '26', 'EIDE2RP', 1450, 2003),
(141, 'A0045', '26', 'EIDE2RP', 990, 2004),
(142, 'A0021', '30', 'SVGAP1M', 670, 2002),
(143, 'A0021', '30', 'SVGAP1M', 1600, 2003),
(144, 'A0021', '30', 'SVGAP1M', 800, 2004),
(145, 'A0018', '35', 'MB586E7R16', 1100, 2002),
(146, 'A0018', '35', 'MB586E7R16', 1280, 2003),
(147, 'A0018', '35', 'MB586E7R16', 1200, 2004);

--
-- 已傾印資料表的索引
--

--
-- 資料表索引 `citys`
--
ALTER TABLE `citys`
  ADD PRIMARY KEY (`id`);

--
-- 資料表索引 `customer`
--
ALTER TABLE `customer`
  ADD PRIMARY KEY (`id`);

--
-- 資料表索引 `dept`
--
ALTER TABLE `dept`
  ADD PRIMARY KEY (`id`);

--
-- 資料表索引 `employee`
--
ALTER TABLE `employee`
  ADD PRIMARY KEY (`id`);

--
-- 資料表索引 `exp`
--
ALTER TABLE `exp`
  ADD PRIMARY KEY (`id`);

--
-- 資料表索引 `leaves`
--
ALTER TABLE `leaves`
  ADD PRIMARY KEY (`id`);

--
-- 資料表索引 `overtime`
--
ALTER TABLE `overtime`
  ADD PRIMARY KEY (`id`);

--
-- 資料表索引 `person`
--
ALTER TABLE `person`
  ADD PRIMARY KEY (`id`);

--
-- 資料表索引 `product`
--
ALTER TABLE `product`
  ADD PRIMARY KEY (`id`);

--
-- 資料表索引 `quota`
--
ALTER TABLE `quota`
  ADD PRIMARY KEY (`id`);

--
-- 資料表索引 `sales_month`
--
ALTER TABLE `sales_month`
  ADD PRIMARY KEY (`id`);

--
-- 資料表索引 `sales_year`
--
ALTER TABLE `sales_year`
  ADD PRIMARY KEY (`id`);

--
-- 在傾印的資料表使用自動遞增(AUTO_INCREMENT)
--

--
-- 使用資料表自動遞增(AUTO_INCREMENT) `citys`
--
ALTER TABLE `citys`
  MODIFY `id` int(10) UNSIGNED NOT NULL AUTO_INCREMENT, AUTO_INCREMENT=18;

--
-- 使用資料表自動遞增(AUTO_INCREMENT) `customer`
--
ALTER TABLE `customer`
  MODIFY `id` int(10) UNSIGNED NOT NULL AUTO_INCREMENT COMMENT '序號', AUTO_INCREMENT=61;

--
-- 使用資料表自動遞增(AUTO_INCREMENT) `dept`
--
ALTER TABLE `dept`
  MODIFY `id` int(10) UNSIGNED NOT NULL AUTO_INCREMENT, AUTO_INCREMENT=18;

--
-- 使用資料表自動遞增(AUTO_INCREMENT) `employee`
--
ALTER TABLE `employee`
  MODIFY `id` int(10) UNSIGNED NOT NULL AUTO_INCREMENT, AUTO_INCREMENT=98;

--
-- 使用資料表自動遞增(AUTO_INCREMENT) `exp`
--
ALTER TABLE `exp`
  MODIFY `id` int(10) UNSIGNED NOT NULL AUTO_INCREMENT, AUTO_INCREMENT=98;

--
-- 使用資料表自動遞增(AUTO_INCREMENT) `leaves`
--
ALTER TABLE `leaves`
  MODIFY `id` int(10) UNSIGNED NOT NULL AUTO_INCREMENT, AUTO_INCREMENT=84;

--
-- 使用資料表自動遞增(AUTO_INCREMENT) `overtime`
--
ALTER TABLE `overtime`
  MODIFY `id` int(10) UNSIGNED NOT NULL AUTO_INCREMENT, AUTO_INCREMENT=111;

--
-- 使用資料表自動遞增(AUTO_INCREMENT) `person`
--
ALTER TABLE `person`
  MODIFY `id` int(10) UNSIGNED NOT NULL AUTO_INCREMENT, AUTO_INCREMENT=98;

--
-- 使用資料表自動遞增(AUTO_INCREMENT) `product`
--
ALTER TABLE `product`
  MODIFY `id` int(10) UNSIGNED NOT NULL AUTO_INCREMENT, AUTO_INCREMENT=21;

--
-- 使用資料表自動遞增(AUTO_INCREMENT) `quota`
--
ALTER TABLE `quota`
  MODIFY `id` int(1) UNSIGNED NOT NULL AUTO_INCREMENT, AUTO_INCREMENT=97;

--
-- 使用資料表自動遞增(AUTO_INCREMENT) `sales_month`
--
ALTER TABLE `sales_month`
  MODIFY `id` int(10) UNSIGNED NOT NULL AUTO_INCREMENT, AUTO_INCREMENT=401;

--
-- 使用資料表自動遞增(AUTO_INCREMENT) `sales_year`
--
ALTER TABLE `sales_year`
  MODIFY `id` int(10) UNSIGNED NOT NULL AUTO_INCREMENT, AUTO_INCREMENT=148;
COMMIT;

/*!40101 SET CHARACTER_SET_CLIENT=@OLD_CHARACTER_SET_CLIENT */;
/*!40101 SET CHARACTER_SET_RESULTS=@OLD_CHARACTER_SET_RESULTS */;
/*!40101 SET COLLATION_CONNECTION=@OLD_COLLATION_CONNECTION */;
