-- phpMyAdmin SQL Dump
-- version 5.0.2
-- https://www.phpmyadmin.net/
--
-- 主機： 127.0.0.1
-- 產生時間： 2020-11-03 03:54:30
-- 伺服器版本： 10.4.11-MariaDB
-- PHP 版本： 7.4.5

SET SQL_MODE = "NO_AUTO_VALUE_ON_ZERO";
START TRANSACTION;
SET time_zone = "+00:00";


/*!40101 SET @OLD_CHARACTER_SET_CLIENT=@@CHARACTER_SET_CLIENT */;
/*!40101 SET @OLD_CHARACTER_SET_RESULTS=@@CHARACTER_SET_RESULTS */;
/*!40101 SET @OLD_COLLATION_CONNECTION=@@COLLATION_CONNECTION */;
/*!40101 SET NAMES utf8mb4 */;

--
-- 資料庫： `bc_school_original`
--

-- --------------------------------------------------------

--
-- 資料表結構 `conduct`
--

CREATE TABLE `conduct` (
  `班級座號` int(5) DEFAULT NULL,
  `導師評分` int(2) DEFAULT NULL
) ENGINE=InnoDB DEFAULT CHARSET=utf8;

--
-- 傾印資料表的資料 `conduct`
--

INSERT INTO `conduct` (`班級座號`, `導師評分`) VALUES
(10101, 82),
(10102, 64),
(10103, 78),
(10104, 64),
(10105, 74),
(10106, 80),
(10107, 81),
(10108, 66),
(10109, 65),
(10110, 62),
(10111, 70),
(10112, 80),
(10113, 81),
(10114, 70),
(10115, 72),
(10116, 71),
(10117, 75),
(10118, 62),
(10119, 60),
(10120, 60),
(10121, 74),
(10122, 71),
(10123, 72),
(10124, 71),
(10125, 71),
(10126, 75),
(10127, 74),
(10128, 71),
(10129, 73),
(10130, 75),
(10131, 78),
(10132, 79),
(10133, 85),
(10134, 84),
(10135, 75),
(10136, 66),
(10137, 84),
(10138, 84),
(10139, 85),
(10140, 75),
(10141, 67),
(10142, 71),
(10143, 72),
(10144, 71),
(10145, 70),
(10146, 78),
(10147, 87),
(10148, 88),
(10149, 86),
(10201, 84),
(10202, 78),
(10203, 79),
(10204, 70),
(10205, 71),
(10206, 84),
(10207, 76),
(10208, 70),
(10209, 70),
(10210, 66),
(10211, 64),
(10212, 68),
(10213, 69),
(10214, 76),
(10215, 60),
(10216, 61),
(10217, 63),
(10218, 85),
(10219, 74),
(10220, 76),
(10221, 70),
(10222, 71),
(10223, 75),
(10224, 80),
(10225, 87),
(10226, 81),
(10227, 65),
(10228, 67),
(10229, 60),
(10230, 64),
(10231, 63),
(10232, 61),
(10233, 85),
(10234, 87),
(10235, 64),
(10236, 61),
(10237, 62),
(10238, 85),
(10301, 87),
(10302, 89),
(10303, 87),
(10304, 84),
(10305, 82),
(10306, 80),
(10307, 71),
(10308, 70),
(10309, 73),
(10310, 76),
(10311, 78),
(10312, 79),
(10313, 74),
(10314, 84),
(10315, 85),
(10316, 86),
(10317, 89),
(10318, 78),
(10319, 74),
(10320, 70),
(10321, 66),
(10322, 65),
(10323, 61),
(10324, 85),
(10325, 81),
(10326, 68),
(10327, 61),
(10328, 65),
(10329, 69),
(10330, 64),
(10331, 84),
(10332, 71),
(10333, 75),
(10334, 74),
(10335, 71),
(10336, 68),
(10337, 69),
(10338, 65),
(10339, 63),
(10340, 77),
(10341, 56),
(10342, 85),
(10343, 60),
(10344, 67),
(10345, 78),
(10346, 76),
(10347, 67),
(10348, 86),
(10349, 80),
(10350, 81),
(10351, 80),
(10352, 87),
(10353, 86),
(10354, 82),
(10355, 83),
(10356, 81),
(10357, 88),
(10401, 65),
(10402, 60),
(10403, 62),
(10404, 61),
(10405, 68),
(10406, 80),
(10407, 85),
(10408, 82),
(10409, 61),
(10410, 63),
(10411, 78),
(10412, 75),
(10413, 74),
(10414, 74),
(10415, 75),
(10416, 71),
(10417, 70),
(10418, 70),
(10419, 70),
(10420, 70),
(10421, 60),
(10422, 60),
(10423, 65),
(10424, 65),
(10425, 64),
(10426, 64),
(10427, 63),
(10428, 62),
(10429, 61),
(10430, 60),
(10431, 69),
(10432, 67),
(10433, 68),
(10434, 64),
(10435, 66),
(10436, 65),
(10437, 62),
(10438, 61),
(10439, 60),
(10440, 63),
(10441, 64),
(10442, 69),
(10443, 78),
(10444, 78),
(10445, 79),
(10446, 74),
(10447, 71),
(10448, 70),
(10449, 72),
(10450, 76),
(10451, 77),
(10452, 88),
(10453, 85),
(10454, 81),
(10455, 80),
(10456, 60),
(10457, 60),
(10458, 61),
(10459, 62),
(10501, 62),
(10502, 63),
(10503, 63),
(10504, 61),
(10505, 64),
(10506, 62),
(10507, 64),
(10508, 68),
(10509, 69),
(10510, 61),
(10511, 65),
(10512, 66),
(10513, 60),
(10514, 61),
(10515, 63),
(10516, 61),
(10517, 68),
(10518, 67),
(10519, 69),
(10520, 85),
(10521, 87),
(10522, 81),
(10523, 80),
(10524, 60),
(10525, 61),
(10526, 61),
(10527, 62),
(10528, 62),
(10529, 63),
(10530, 64),
(10531, 68),
(10532, 68),
(10533, 69),
(10534, 61),
(10535, 80),
(10536, 87),
(10537, 83),
(10538, 82),
(10539, 81),
(10540, 82),
(10541, 65),
(10542, 74),
(10543, 70),
(10544, 63),
(10545, 65),
(10546, 67),
(10547, 68),
(10548, 69),
(10549, 67),
(10550, 70),
(10551, 78),
(10552, 70),
(10553, 71),
(10554, 71),
(10555, 70),
(10601, 85),
(10602, 85),
(10603, 81),
(10604, 81),
(10605, 82),
(10606, 87),
(10607, 89),
(10608, 75),
(10609, 72),
(10610, 71),
(10611, 71),
(10612, 70),
(10613, 74),
(10614, 73),
(10615, 71),
(10616, 79),
(10617, 75),
(10618, 74),
(10619, 74),
(10620, 71),
(10621, 77),
(10622, 80),
(10623, 65),
(10624, 80),
(10625, 82),
(10626, 81),
(10627, 87),
(10628, 83),
(10629, 87),
(10630, 78),
(10631, 75),
(10632, 74),
(10633, 71),
(10634, 70),
(10635, 73),
(10636, 71),
(10637, 70),
(10638, 70),
(10639, 70),
(10640, 65),
(10641, 62),
(10642, 66),
(10643, 66),
(10644, 74),
(10645, 85),
(10646, 74),
(10647, 71),
(10648, 70),
(10701, 72),
(10702, 71),
(10703, 70),
(10704, 73),
(10705, 76),
(10706, 78),
(10707, 74),
(10708, 78),
(10709, 68),
(10710, 67),
(10711, 65),
(10712, 64),
(10713, 63),
(10714, 62),
(10715, 61),
(10716, 60),
(10717, 60),
(10718, 65),
(10719, 68),
(10720, 78),
(10721, 70),
(10722, 74),
(10723, 71),
(10724, 72),
(10725, 70),
(10726, 77),
(10727, 70),
(10728, 75),
(10729, 78),
(10730, 74),
(10731, 71),
(10732, 78),
(10733, 74),
(10734, 72),
(10735, 71),
(10736, 70),
(10737, 73),
(10738, 84),
(10739, 85),
(10740, 81),
(10741, 80),
(10742, 60),
(10743, 62),
(10744, 65),
(10745, 67),
(10746, 67),
(10747, 68),
(10801, 69),
(10802, 76),
(10803, 74),
(10804, 78),
(10805, 74),
(10806, 75),
(10807, 71),
(10808, 72),
(10809, 70),
(10810, 73),
(10811, 71),
(10812, 70),
(10813, 80),
(10814, 85),
(10815, 88),
(10816, 87),
(10817, 84),
(10818, 81),
(10819, 80),
(10820, 80),
(10821, 81),
(10822, 82),
(10823, 80),
(10824, 87),
(10825, 86),
(10826, 85),
(10827, 87),
(10828, 84),
(10829, 72),
(10830, 80),
(10831, 82),
(10832, 83),
(10833, 75),
(10834, 84),
(10835, 86),
(10836, 85),
(10837, 84),
(10838, 87),
(10839, 81),
(10840, 75),
(10841, 78),
(10842, 74),
(10843, 76),
(10901, 78),
(10902, 74),
(10903, 71),
(10904, 72),
(10905, 70),
(10906, 73),
(10907, 79),
(10908, 77),
(10909, 78),
(10910, 79),
(10911, 74),
(10912, 75),
(10913, 76),
(10914, 84),
(10915, 86),
(10916, 78),
(10917, 74),
(10918, 75),
(10919, 71),
(10920, 72),
(10921, 70),
(10922, 76),
(10923, 70),
(10924, 78),
(10925, 79),
(10926, 87),
(10927, 85),
(10928, 87),
(10929, 84),
(10930, 88),
(10931, 85),
(10932, 81),
(10933, 82),
(10934, 83),
(10935, 80),
(10936, 87),
(10937, 85),
(10938, 78),
(10939, 75),
(10940, 74),
(10941, 71),
(10942, 72),
(11001, 73),
(11002, 77),
(11003, 76),
(11004, 65),
(11005, 68),
(11006, 67),
(11007, 85),
(11008, 86),
(11009, 82),
(11010, 83),
(11011, 81),
(11012, 80),
(11013, 80),
(11014, 78),
(11015, 80),
(11016, 80),
(11017, 70),
(11018, 75),
(11019, 78),
(11020, 74),
(11021, 74),
(11022, 71),
(11023, 72),
(11024, 77),
(11025, 79),
(11026, 68),
(11027, 69),
(11028, 67),
(11029, 64),
(11030, 68),
(11031, 67),
(11032, 78),
(11033, 74),
(11034, 75),
(11035, 74),
(11036, 72),
(11037, 71),
(11038, 70),
(11039, 81),
(11040, 80),
(11041, 82);

-- --------------------------------------------------------

--
-- 資料表結構 `records`
--

CREATE TABLE `records` (
  `班級座號` int(5) DEFAULT NULL,
  `年月日` int(6) DEFAULT NULL,
  `公假` int(1) DEFAULT NULL,
  `事假` int(2) DEFAULT NULL,
  `病假` int(1) DEFAULT NULL,
  `曠課` int(1) DEFAULT NULL
) ENGINE=InnoDB DEFAULT CHARSET=utf8;

--
-- 傾印資料表的資料 `records`
--

INSERT INTO `records` (`班級座號`, `年月日`, `公假`, `事假`, `病假`, `曠課`) VALUES
(10126, 900226, 0, 1, 0, 1),
(10127, 900226, 0, 0, 0, 1),
(10128, 900226, 1, 1, 0, 0),
(10130, 900226, 1, 0, 0, 0),
(10201, 900226, 0, 1, 4, 0),
(10210, 900226, 0, 3, 0, 0),
(10234, 900226, 0, 0, 1, 1),
(10425, 900226, 0, 0, 4, 0),
(10511, 900226, 0, 0, 2, 2),
(10620, 900226, 0, 4, 0, 0),
(10942, 900226, 0, 4, 1, 0),
(11032, 900227, 0, 1, 0, 7),
(11033, 900227, 0, 0, 2, 0),
(10109, 900228, 2, 0, 0, 1),
(10137, 900228, 0, 3, 0, 1),
(10143, 900228, 1, 0, 1, 0),
(10201, 900228, 0, 1, 0, 2),
(10127, 900302, 0, 0, 0, 1),
(10128, 900302, 1, 1, 0, 0),
(10130, 900302, 1, 0, 0, 0),
(10201, 900302, 0, 1, 4, 0),
(10210, 900302, 0, 3, 0, 0),
(10234, 900302, 0, 0, 1, 1),
(10425, 900302, 0, 0, 4, 0),
(10511, 900302, 0, 0, 2, 6),
(10620, 900302, 0, 4, 0, 0),
(10942, 900302, 0, 4, 1, 0),
(11005, 900302, 0, 0, 2, 0),
(10109, 900302, 0, 0, 2, 0),
(10132, 900302, 0, 2, 0, 1),
(10134, 900302, 0, 2, 0, 0),
(10141, 900302, 0, 0, 0, 2),
(10201, 900302, 0, 7, 0, 1),
(10225, 900302, 4, 0, 0, 0),
(10237, 900302, 0, 0, 3, 0),
(10326, 900302, 2, 0, 1, 0),
(10427, 900302, 0, 0, 1, 1),
(10535, 900302, 3, 0, 0, 3),
(10612, 900302, 2, 0, 0, 0),
(10741, 900302, 1, 0, 2, 0),
(10833, 900302, 0, 0, 0, 7),
(10902, 900302, 1, 0, 0, 7),
(10942, 900302, 0, 7, 0, 0),
(11015, 900302, 0, 5, 2, 2),
(11041, 900302, 7, 0, 0, 0),
(10109, 900305, 1, 0, 0, 7),
(10132, 900305, 1, 0, 1, 0),
(10134, 900305, 1, 0, 1, 0),
(10141, 900305, 1, 0, 0, 0),
(10227, 900305, 0, 0, 7, 1),
(10315, 900305, 0, 0, 0, 5),
(10433, 900305, 0, 0, 0, 1),
(10612, 900305, 1, 0, 0, 0),
(10741, 900305, 0, 0, 2, 0),
(10747, 900305, 0, 1, 0, 1),
(10825, 900305, 7, 0, 1, 0),
(10942, 900305, 0, 0, 7, 0),
(11001, 900305, 0, 1, 0, 7),
(11032, 900305, 0, 0, 0, 7),
(10141, 900306, 2, 0, 1, 0),
(10235, 900306, 0, 0, 0, 7),
(10318, 900306, 0, 4, 1, 0),
(10351, 900306, 1, 0, 3, 0),
(10533, 900306, 0, 0, 0, 1),
(10724, 900306, 0, 3, 0, 0),
(10741, 900306, 2, 0, 1, 0),
(10921, 900306, 0, 0, 0, 1),
(11001, 900306, 0, 0, 0, 7),
(10109, 900307, 2, 0, 1, 0),
(10112, 900307, 7, 10, 1, 0),
(10115, 900307, 1, 0, 0, 1),
(10132, 900307, 2, 0, 0, 0),
(10338, 900307, 0, 0, 1, 7),
(10413, 900307, 7, 2, 0, 1),
(10457, 900307, 0, 0, 0, 7),
(10539, 900307, 7, 0, 1, 0),
(10625, 900307, 0, 2, 0, 6),
(10634, 900307, 7, 0, 2, 0),
(10644, 900307, 7, 0, 0, 0),
(10724, 900307, 0, 7, 0, 1),
(10725, 900307, 7, 0, 0, 0),
(10730, 900307, 7, 0, 2, 0),
(10735, 900307, 0, 0, 0, 5),
(10746, 900307, 7, 0, 1, 0),
(11001, 900307, 0, 0, 0, 7),
(10109, 900308, 2, 1, 0, 0),
(10132, 900308, 2, 0, 1, 0),
(10134, 900308, 2, 0, 0, 1),
(10141, 900308, 2, 0, 0, 1),
(10145, 900308, 0, 1, 5, 0),
(10308, 900308, 0, 0, 3, 0),
(10325, 900308, 0, 1, 0, 3),
(10724, 900308, 0, 5, 0, 1),
(10741, 900308, 2, 0, 0, 0),
(10829, 900308, 0, 1, 0, 7),
(11032, 900308, 0, 1, 0, 7),
(11033, 900308, 0, 0, 2, 0),
(10109, 900309, 2, 0, 0, 1),
(10137, 900309, 0, 3, 0, 1),
(10143, 900309, 1, 0, 1, 0),
(10201, 900309, 0, 1, 0, 2),
(10234, 900309, 0, 2, 0, 0),
(10545, 900309, 0, 4, 1, 0),
(10554, 900309, 0, 0, 0, 1),
(10643, 900309, 0, 1, 4, 0),
(10645, 900309, 4, 0, 0, 0),
(10741, 900309, 2, 0, 1, 0),
(10820, 900309, 0, 0, 0, 4),
(10905, 900309, 1, 0, 0, 0),
(10931, 900309, 0, 0, 0, 4),
(11011, 900309, 0, 0, 0, 4),
(10109, 900312, 1, 0, 0, 0),
(10132, 900312, 2, 0, 0, 0),
(10134, 900312, 0, 0, 0, 1),
(10313, 900312, 1, 0, 7, 0),
(10318, 900312, 0, 0, 0, 3),
(10341, 900312, 0, 7, 0, 0),
(10343, 900312, 0, 0, 7, 0),
(10354, 900312, 0, 0, 0, 7),
(10409, 900312, 0, 0, 0, 7),
(10444, 900312, 0, 7, 0, 0),
(10536, 900312, 2, 0, 1, 0),
(10636, 900312, 6, 0, 5, 1),
(10648, 900312, 0, 6, 1, 0),
(10738, 900312, 0, 7, 0, 0),
(10830, 900312, 7, 0, 0, 0),
(10902, 900312, 0, 0, 1, 1),
(11023, 900312, 0, 0, 0, 1),
(10109, 900312, 2, 1, 0, 0),
(10145, 900312, 2, 0, 0, 0),
(10335, 900312, 0, 1, 7, 0),
(10341, 900312, 0, 0, 7, 0),
(10355, 900312, 7, 0, 0, 0),
(10420, 900312, 7, 1, 0, 0),
(10459, 900312, 0, 0, 1, 7),
(10541, 900312, 5, 0, 0, 0),
(10640, 900312, 0, 0, 1, 7),
(10741, 900312, 2, 0, 0, 0),
(10833, 900312, 0, 1, 0, 3),
(10901, 900312, 0, 0, 0, 1),
(10920, 900312, 0, 2, 1, 0),
(11011, 900312, 0, 0, 0, 4),
(11028, 900312, 1, 0, 7, 0),
(11032, 900312, 3, 0, 0, 1),
(10109, 900313, 7, 0, 0, 0),
(10132, 900313, 0, 7, 0, 0),
(10134, 900313, 0, 0, 7, 1),
(10141, 900313, 0, 1, 0, 7),
(10145, 900313, 7, 0, 0, 7),
(10420, 900313, 0, 0, 0, 7),
(10428, 900313, 7, 0, 7, 0),
(10517, 900313, 0, 0, 0, 7),
(10612, 900313, 5, 0, 7, 0),
(10741, 900313, 7, 0, 0, 0),
(10905, 900313, 0, 0, 0, 1),
(10919, 900313, 0, 7, 0, 7),
(10920, 900313, 0, 0, 0, 1),
(10933, 900313, 7, 0, 3, 0),
(10934, 900313, 0, 0, 1, 0),
(11018, 900313, 1, 0, 0, 7),
(10109, 900314, 7, 0, 0, 0),
(10132, 900314, 7, 0, 3, 0),
(10134, 900314, 0, 0, 7, 0),
(10141, 900314, 7, 0, 1, 0),
(10145, 900314, 0, 0, 0, 7),
(10201, 900314, 0, 1, 0, 1),
(10225, 900314, 0, 7, 0, 0),
(10127, 900314, 0, 7, 0, 0),
(10331, 900314, 0, 0, 1, 2),
(10420, 900314, 7, 0, 0, 0),
(10532, 900314, 0, 1, 0, 7),
(10612, 900314, 7, 0, 0, 0),
(10619, 900314, 0, 0, 7, 0),
(10636, 900314, 0, 1, 0, 7),
(10729, 900314, 2, 0, 0, 0),
(10741, 900314, 0, 7, 0, 0),
(11010, 900314, 0, 0, 7, 1),
(10109, 900315, 7, 0, 1, 0),
(10235, 900315, 0, 0, 0, 1),
(10337, 900315, 0, 7, 0, 1),
(10437, 900315, 7, 0, 0, 0),
(10444, 900315, 0, 0, 0, 3),
(10612, 900315, 7, 0, 0, 0),
(10741, 900315, 0, 1, 0, 7),
(10201, 900316, 0, 0, 0, 1),
(10354, 900316, 4, 0, 0, 0),
(10504, 900306, 0, 0, 1, 4),
(10629, 900316, 0, 0, 4, 0),
(10741, 900316, 0, 0, 0, 3),
(10820, 900316, 0, 1, 0, 0),
(11032, 900316, 4, 0, 0, 0),
(10333, 900319, 0, 0, 0, 1),
(10341, 900319, 0, 0, 1, 1),
(10342, 900319, 0, 0, 0, 1),
(10437, 900319, 3, 0, 0, 0),
(10504, 900319, 0, 2, 0, 4),
(10637, 900319, 1, 0, 7, 0),
(10901, 900319, 0, 0, 0, 1),
(11001, 900319, 7, 0, 0, 0),
(11018, 900319, 0, 1, 7, 0),
(11025, 900319, 0, 0, 2, 0),
(11038, 900319, 0, 7, 0, 0),
(10148, 900319, 0, 0, 0, 7),
(10342, 900319, 0, 0, 7, 1),
(10354, 900319, 7, 0, 0, 0),
(10355, 900319, 0, 0, 7, 0),
(10507, 900319, 0, 2, 1, 0),
(10545, 900319, 0, 2, 0, 0),
(10901, 900319, 0, 0, 0, 1),
(10934, 900319, 0, 0, 0, 7),
(11032, 900319, 6, 0, 0, 0),
(11037, 900319, 0, 0, 1, 1),
(11039, 900319, 0, 0, 7, 0),
(10119, 900320, 0, 0, 7, 0),
(10145, 900320, 0, 1, 0, 0),
(10342, 900320, 0, 0, 0, 7),
(10354, 900320, 1, 0, 0, 0),
(10428, 900320, 0, 1, 0, 7),
(10609, 900320, 0, 0, 7, 0),
(10921, 900320, 0, 0, 0, 7),
(11032, 900320, 7, 3, 0, 0),
(10338, 900321, 0, 0, 7, 0),
(10341, 900321, 0, 0, 0, 7),
(10614, 900321, 0, 1, 6, 0),
(10713, 900321, 0, 3, 0, 0),
(10909, 900321, 1, 0, 0, 1),
(10919, 900321, 0, 1, 0, 0),
(10942, 900321, 0, 0, 7, 0),
(11011, 900321, 7, 0, 0, 0),
(11032, 900321, 0, 3, 7, 0),
(11033, 900321, 0, 0, 0, 2),
(10348, 900322, 5, 0, 0, 0),
(10835, 900322, 0, 0, 0, 7),
(11028, 900322, 1, 7, 0, 0),
(11032, 900322, 0, 0, 0, 7),
(10215, 900326, 0, 0, 4, 2),
(10312, 900326, 7, 0, 0, 0),
(10341, 900326, 1, 0, 3, 0),
(10427, 900326, 0, 7, 0, 0),
(10428, 900326, 0, 0, 0, 7),
(10821, 900326, 1, 7, 0, 0),
(10904, 900326, 0, 0, 0, 1),
(10905, 900326, 0, 0, 0, 1),
(10919, 900326, 0, 1, 0, 0),
(10922, 900326, 3, 0, 0, 1),
(10923, 900326, 0, 0, 0, 3),
(11011, 900326, 0, 0, 0, 7),
(11031, 900326, 2, 0, 0, 0),
(11041, 900326, 2, 1, 0, 0),
(10116, 900326, 3, 0, 0, 0),
(11020, 900326, 0, 3, 0, 0),
(11036, 900326, 0, 0, 3, 0),
(11037, 900326, 0, 1, 0, 3),
(10316, 900326, 3, 0, 0, 0),
(10318, 900326, 0, 1, 7, 0),
(10337, 900326, 0, 3, 0, 0),
(10342, 900326, 0, 0, 0, 7),
(10413, 900326, 7, 0, 0, 1),
(10428, 900326, 0, 0, 0, 7),
(10453, 900326, 0, 3, 0, 0),
(10520, 900326, 0, 0, 0, 3),
(10525, 900326, 0, 0, 3, 0),
(10531, 900326, 3, 0, 1, 0),
(10534, 900326, 0, 0, 3, 0),
(10542, 900326, 3, 0, 0, 0),
(11011, 900326, 0, 0, 0, 1),
(11032, 900326, 0, 0, 1, 7),
(10101, 900327, 0, 1, 0, 3),
(10119, 900327, 1, 2, 0, 0),
(10341, 900327, 0, 1, 0, 1),
(10428, 900327, 7, 0, 0, 0),
(10429, 900327, 0, 7, 0, 0),
(10441, 900327, 1, 0, 0, 0),
(10612, 900327, 3, 0, 0, 1),
(10645, 900327, 0, 0, 0, 1),
(10814, 900327, 0, 0, 7, 0),
(10931, 900327, 3, 0, 0, 0),
(10942, 900327, 0, 0, 1, 2),
(11011, 900327, 0, 0, 0, 2),
(10101, 900328, 1, 7, 0, 0),
(10201, 900328, 0, 0, 0, 1),
(10234, 900328, 0, 1, 0, 0),
(10238, 900328, 0, 0, 1, 0),
(10337, 900328, 2, 0, 7, 0),
(10342, 900328, 0, 7, 0, 0),
(10611, 900328, 0, 2, 7, 0),
(10628, 900328, 2, 0, 0, 1),
(10729, 900328, 0, 0, 7, 0),
(10738, 900328, 0, 7, 0, 0),
(10931, 900328, 0, 2, 2, 0),
(10942, 900328, 0, 0, 0, 1),
(11011, 900328, 1, 0, 0, 2),
(10502, 900402, 0, 3, 4, 0),
(10504, 900402, 1, 0, 0, 3),
(10507, 900405, 0, 0, 5, 4),
(10509, 900405, 0, 2, 0, 7),
(10829, 900412, 0, 0, 0, 3),
(10833, 900412, 0, 0, 0, 5),
(10820, 900412, 1, 0, 0, 0),
(10823, 900412, 2, 0, 0, 3),
(10801, 900412, 0, 0, 0, 2);

-- --------------------------------------------------------

--
-- 資料表結構 `students`
--

CREATE TABLE `students` (
  `學號` int(6) NOT NULL,
  `班級座號` int(5) DEFAULT NULL,
  `姓名` varchar(3) DEFAULT NULL,
  `出生年月日` date DEFAULT NULL,
  `身分證號碼` varchar(10) DEFAULT NULL,
  `住址` varchar(21) DEFAULT NULL,
  `家長` varchar(3) DEFAULT NULL,
  `電話` varchar(11) DEFAULT NULL,
  `科別` varchar(5) DEFAULT NULL,
  `畢業國中` varchar(11) DEFAULT NULL
) ENGINE=InnoDB DEFAULT CHARSET=utf8;

--
-- 傾印資料表的資料 `students`
--

INSERT INTO `students` (`學號`, `班級座號`, `姓名`, `出生年月日`, `身分證號碼`, `住址`, `家長`, `電話`, `科別`, `畢業國中`) VALUES
(911001, 10101, '丁于穎', '1984-03-05', 'C100000012', '台中縣大甲鎮安和一街4巷4-3號4F', '丁世傑', '04-13310667', '商業經營科', '台中市市立安樂國中畢業'),
(911002, 10102, '尹彗如', '1980-09-08', 'F200000026', '南投縣南投市一坑路426號', '尹文淵', '04-13971835', '國際貿易科', '南投縣縣立和平國中畢業'),
(911003, 10103, '孔琇榆', '1984-08-28', 'F200000035', '台中縣大安鄉源遠路292巷1-5號1F', '孔進豐', '04-13570828', '資料處理科', '台中市市立忠孝國中畢業'),
(911004, 10104, '文勝真', '1984-08-28', 'F100000042', '南投縣埔里鎮逢甲路337號', '文水順', '04-13970773', '幼兒保育科', '南投縣縣立和平國中修業'),
(911005, 10105, '方玉婷', '1983-12-10', 'C200000058', '台中縣大肚鄉安和一街6巷43之1號2F', '方明順', '04-13322272', '美容科', '台中市市立安樂國中畢業'),
(911006, 10106, '毛家男', '1983-12-16', 'C100000067', '台中縣大里市百六街53號3F', '毛長壽', '04-13518685', '室內佈置科', '台中市市立中山國中畢業'),
(911007, 10107, '王鳳如', '1984-01-06', 'F200000071', '南投縣草屯鎮三爪子坑路106 巷11號3', '王學義', '04-13974327', '商業經營科', '南投縣縣立和平國中畢業'),
(911008, 10108, '史乾君', '1984-04-01', 'C100000085', '台中縣大雅鄉111巷39號2F', '史吳屘', '04-13318360', '國際貿易科', '台中市市立忠孝國中修業'),
(911009, 10109, '田泓宜', '1984-07-09', 'F100000097', '台中縣太平市義六路36-34 號3F', '田慶鐘', '04-13275530', '資料處理科', '台中市市立信義國中畢業'),
(911010, 10110, '白金圓', '1984-01-02', 'V200000109', '台中縣外埔鄉調和街80巷63號', '白鳳鳴', '04-13693021', '幼兒保育科', '台中市市立仁愛國中畢業'),
(911011, 10111, '石政華', '1984-03-03', 'C100000110', '台中縣石岡鄉正義路74巷30弄40號', '石芳雄', '04-13287732', '美容科', '台中市市立中正國中畢業'),
(911012, 10112, '任佩君', '1984-09-17', 'G200000123', '南投縣竹山鎮大寮路49巷1 號', '任旺樹', '04-13969168', '室內佈置科', '南投縣縣立和平國中畢業'),
(911013, 10113, '朱怡蓉', '1983-10-24', 'F200000131', '南投縣集集鎮東和路84號', '朱金池', '04-13977208', '商業經營科', '南投縣縣立和平國中畢業'),
(911014, 10114, '江欣欽', '1983-12-11', 'C100000147', '台中縣后里鄉金山街74號', '江清祥', '04-13582284', '國際貿易科', '台中市市立建德國中畢業'),
(911015, 10115, '何秋桂', '1983-11-16', 'G200000150', '台中縣沙鹿鎮麥金路11巷40號', '何明東', '04-13327347', '資料處理科', '台中市市立百福國中畢業'),
(911016, 10116, '余進財', '1984-02-26', 'F100000168', '南投縣名間鄉中山路246巷11號2F', '余文吉', '04-13974586', '幼兒保育科', '南投縣縣立和平國中畢業'),
(911017, 10117, '吳菁菁', '1984-07-13', 'F200000177', '南投縣鹿谷鄉龍崗村泮宮路17號', '吳顯瑞', '04-13941334', '美容科', '南投縣縣立仁愛國中畢業'),
(911018, 10118, '呂意倫', '1984-06-01', 'F100000186', '南投縣中寮鄉三爪子坑路民享新村11', '呂林飛', '04-13979021', '室內佈置科', '南投縣縣立和平國中畢業'),
(911019, 10119, '宋時雨', '1984-09-16', 'K100000199', '台中縣和平鄉中華路135-3 號4F', '宋德祥', '04-13230092', '商業經營科', '台中市市立中山國中畢業'),
(911020, 10120, '李禬敏', '1984-05-03', 'C100000209', '台中縣東勢鎮泰安路91號', '李玉雲', '04-13514121', '國際貿易科', '台中市市立中山國中畢業'),
(911021, 10121, '杜晉華', '1984-02-24', 'C100000218', '台中縣烏日鄉東峰街11巷2 號', '杜秦英', '04-13654770', '資料處理科', '台中市市立信義國中畢業'),
(911022, 10122, '沈慧如', '1984-03-11', 'F200000220', '南投縣魚池鄉大埔路48號3F', '沈朝雄', '04-13579700', '幼兒保育科', '南投縣縣立和平國中畢業'),
(911023, 10123, '汪純芬', '1984-10-20', 'C200000236', '台中縣神岡鄉東新街4巷66 號', '汪瑞琴', '04-13564111', '美容科', '台中市市立中山國中畢業'),
(911024, 10124, '周惠琴', '1983-06-06', 'C200000245', '台中縣梧棲鎮協和街192-1 號', '周水清', '04-13288344', '商業經營科', '台中市市立中正國中修業'),
(911025, 10125, '孟亞秦', '1984-04-03', 'F100000257', '南投縣國姓鄉員潭路6號', '孟正吉', '04-13983355', '國際貿易科', '南投縣縣立萬里國中畢業'),
(911026, 10126, '於秀雅', '1984-06-24', 'F200000268', '台中縣清水鎮中正路182巷33-1號', '於景仁', '04-13286086', '資料處理科', '台中市市立中正國中畢業'),
(911027, 10127, '易益偲', '1984-09-29', 'C100000272', '台中縣新社鄉深澳路226-1 號', '易文誠', '04-13651306', '幼兒保育科', '台中市市立信義國中畢業'),
(911028, 10128, '林玟玲', '1983-09-19', 'C200000283', '台中縣潭子鄉武嶺街274之2號3F', '林國麟', '04-13331399', '美容科', '台中市市立安樂國中畢業'),
(911029, 10129, '武 嵋', '1984-02-18', 'C100000290', '台中縣龍井鄉通明街53巷7 號', '武季緞', '04-13231258', '室內佈置科', '台中市市立中正國中畢業'),
(911030, 10130, '邵金瑜', '1984-02-17', 'C200000309', '台中縣豐原市國安路30巷6 號1F', '邵德雄', '04-13573928', '商業經營科', '台中市市立建德國中畢業'),
(911031, 10131, '邱惠朗', '1984-01-13', 'C100000316', '台中縣霧峰鄉深澳坑路13-1號', '邱翰霖', '04-13653844', '國際貿易科', '台中市市立信義國中畢業'),
(911032, 10132, '金惠甹', '1984-02-11', 'C100000325', '台中縣大甲鎮中華路69巷52號', '金明吉', '04-13281414', '資料處理科', '台中市市立中正國中畢業'),
(911033, 10133, '侯保貴', '1985-02-09', 'F100000337', '南投縣水里鄉十三層路45號', '侯菊枝', '04-13932802', '幼兒保育科', '南投縣縣立雙溪國中畢業'),
(911034, 10134, '姜陵贏', '1983-10-23', 'F100000346', '台中縣大安鄉259巷38號4F', '姜福鈞', '04-13366195', '美容科', '台中市市立信義國中畢業'),
(911035, 10135, '姚樺軒', '1984-07-14', 'F100000355', '南投縣信義鄉水源路二段184巷7號', '姚金寶', '04-26415555', '商業經營科', '南投縣縣立汐止國中畢業'),
(911036, 10136, '段雅惠', '1983-11-14', 'C200000361', '台中縣大肚鄉明德2路1巷111號2F', '段兩傳', '04-13512268', '國際貿易科', '台中市市立中山國中畢業'),
(911037, 10137, '胡千慧', '1984-10-06', 'F200000375', '台中縣大里市過港路10巷251號', '胡修傳', '04-13570716', '資料處理科', '台中市市立忠孝國中畢業'),
(911038, 10138, '范佳薇', '1984-06-22', 'C200000381', '台中縣大雅鄉明德3路93號', '范進財', '04-13511340', '幼兒保育科', '台中市市立中山國中畢業'),
(911039, 10139, '唐珮菁', '1984-08-30', 'C200000390', '台中縣太平市義三路12巷37號', '唐基旺', '04-13293600', '美容科', '台中市市立信義國中畢業'),
(911040, 10140, '夏欣怡', '1983-12-15', 'C100000405', '台中縣外埔鄉中平街51-13 號', '夏明輝', '04-13274041', '室內佈置科', '台中市市立中山國中畢業'),
(911041, 10141, '孫柔君', '1984-06-02', 'C200000416', '台中縣石岡鄉華興街51巷1-3號4F', '孫玉嬌', '04-13243092', '商業經營科', '台中市市立中正國中畢業'),
(911042, 10142, '徐文芳', '1984-04-20', 'C200000425', '台中縣后里鄉132巷44號2F', '徐家銘', '04-13251568', '國際貿易科', '台中市市立百福國中畢業'),
(911043, 10143, '秦敏如', '1982-11-12', 'C200000434', '台中縣沙鹿鎮和二路16號', '秦天賜', '04-13620992', '資料處理科', '台中市市立中正國中畢業'),
(911044, 10144, '袁翊文', '1982-11-03', 'G100000445', '台中縣和平鄉路310-1號', '袁龍水', '04-13662401', '幼兒保育科', '台中市市立信義國中畢業'),
(911045, 10145, '郝郁儒', '1984-01-10', 'C100000450', '台中縣東勢鎮74巷103號', '郝錦銓', '04-13234410', '美容科', '台中市市立百福國中畢業'),
(911046, 10146, '馬嘉禎', '1984-07-23', 'C100000469', '台中縣烏日鄉崇智街25號2F', '馬峻源', '04-13560330', '室內佈置科', '台中市市立中山國中畢業'),
(911047, 10147, '高惠榛', '1983-08-16', 'C100000478', '台中縣神岡鄉3巷6號', '高吉龍', '04-13251472', '商業經營科', '台中市市立南榮國中畢業'),
(911048, 10148, '崔台分', '1984-01-05', 'C100000487', '台中縣梧棲鎮180巷24號', '崔敦泰', '04-13661985', '國際貿易科', '台中市市立百福國中畢業'),
(911049, 10149, '常心怡', '1983-11-22', 'T200000492', '台中縣清水鎮港路10巷107號', '常錦康', '04-13579585', '資料處理科', '台中市市立忠孝國中畢業'),
(912001, 10201, '康渴欣', '1983-09-20', 'C200000505', '南投縣仁愛鄉中央路48巷7號4F吉祥園', '康國全', '04-13582740', '幼兒保育科', '南投縣縣立和平國中畢業'),
(912002, 10202, '張麗婷', '1984-03-04', 'H200000519', '台中縣新社鄉義七路26巷14號5F', '張慶源', '04-13281849', '美容科', '台中市市立信義國中畢業'),
(912003, 10203, '曹淑淨', '1983-12-17', 'E200000525', '台中縣潭子鄉復興路212巷12弄23號', '曹春蓮', '04-13371131', '室內佈置科', '台中市市立中正國中畢業'),
(912004, 10204, '梁瑩鵑', '1984-02-18', 'F200000535', '台中縣龍井鄉愛七路16-甲 號', '梁英博', '04-13288880', '商業經營科', '台中市市立安樂國中畢業'),
(912005, 10205, '許心慈', '1984-08-13', 'A200000549', '台中縣豐原市安和一街4巷33-4號5F', '許長義', '04-13322951', '國際貿易科', '台中市市立安樂國中畢業'),
(912006, 10206, '郭佩臨', '1984-10-27', 'C100000558', '台中縣霧峰鄉豐稔街54巷16-4號5F', '郭正順', '04-13622333', '資料處理科', '台中市市立仁愛國中畢業'),
(912007, 10207, '陳辛夷', '1984-02-10', 'F100000560', '南投縣南投市仁愛路51號1F', '陳李雄', '04-13984686', '幼兒保育科', '南投縣縣立金山國中畢業'),
(912008, 10208, '陸加零', '1983-12-05', 'G100000570', '台中縣大甲鎮明德二路13號3F', '陸春金', '039-360436', '美容科', '台中市市立中山國中畢業'),
(912009, 10209, '章肅贏', '1984-07-19', 'F100000588', '南投縣埔里鎮明燈路二段54號1F', '章富田', '04-13968775', '商業經營科', '南投縣縣立和平國中畢業'),
(912010, 10210, '傅淑真', '1984-04-03', 'F200000597', '南投縣草屯鎮三爪子坑民享新村37號1', '傅添進', '04-13976722', '國際貿易科', '南投縣縣立和平國中畢業'),
(912011, 10211, '喬菊方', '1983-11-05', 'G100000605', '台中縣大安鄉明德二路13號3F', '喬基吳', '04-13516556', '資料處理科', '台中市市立中山國中畢業'),
(912012, 10212, '彭家慧', '1984-01-18', 'F100000613', '台中縣大肚鄉和平街5巷9號', '彭其祥', '04-13629527', '幼兒保育科', '台中市市立中正國中畢業'),
(912013, 10213, '曾敬雯', '1983-10-23', 'C100000629', '台中縣大里市中山三路167 巷52號', '曾勝貴', '04-13265939', '美容科', '台中市市立中山國中畢業'),
(912014, 10214, '湯意茹', '1984-03-06', 'F200000633', '南投縣竹山鎮大埔路慶安新村18號', '湯聰明', '04-13576882', '室內佈置科', '南投縣縣立和平國中畢業'),
(912015, 10215, '程斯梅', '1984-07-01', 'A200000647', '台中縣大雅鄉信二路174巷16號3F', '程韻蓉', '04-13295596', '商業經營科', '台中市市立信義國中畢業'),
(912016, 10216, '賀晚零', '1984-09-03', 'C100000656', '台中縣太平市八斗街96巷27-1號', '賀姚榮', '04-13691897', '國際貿易科', '台中市市立中正國中畢業'),
(912017, 10217, '馮燋鈴', '1984-08-13', 'C200000667', '台中縣外埔鄉東信路236巷37-26號', '馮登松', '04-13657585', '資料處理科', '台中市市立信義國中畢業'),
(912018, 10218, '黃雅軍', '1983-12-29', 'F200000679', '南投縣集集鎮中山路158巷10號1F', '黃榮春', '04-13971976', '幼兒保育科', '南投縣縣立和平國中畢業'),
(912019, 10219, '楊晚滎', '1984-05-23', 'H100000688', '台中縣石岡鄉64巷17號4F', '楊志誠', '04-13658624', '美容科', '台中市市立信義國中畢業'),
(912020, 10220, '萬宣芳', '1984-10-25', 'C200000694', '台中縣后里鄉北寧路252巷6弄25號', '萬錦花', '04-13692020', '商業經營科', '台中市市立中正國中畢業'),
(912021, 10221, '葉紫確', '1984-02-19', 'F100000702', '南投縣名間鄉真理村延平街159號', '葉泰雄', '04-13901955', '國際貿易科', '南投縣縣立仁愛國中畢業'),
(912022, 10222, '董佳旗', '1983-12-12', 'C100000718', '台中縣沙鹿鎮中華路69巷60號', '董春來', '04-13278627', '資料處理科', '台中市市立中正國中畢業'),
(912023, 10223, '賈加靈', '1983-11-21', 'F100000720', '南投縣鹿谷鄉水源路2段190號2F', '賈美雲', '04-26434627', '幼兒保育科', '南投縣縣立汐止國中畢業'),
(912024, 10224, '鄒品言', '1984-05-28', 'C100000736', '台中縣和平鄉52-2號', '鄒寬銘', '04-13278087', '美容科', '台中市市立百福國中畢業'),
(912025, 10225, '廖品瀛', '1984-11-03', 'C100000745', '台中縣東勢鎮深澳坑166-7 號6F', '廖松風', '04-13663416', '室內佈置科', '台中市市立信義國中畢業'),
(912026, 10226, '熊秋勻', '1984-05-14', 'V100000750', '台中縣烏日鄉新豐街161巷12號', '熊德順', '04-13693828', '商業經營科', '台中市市立仁愛國中畢業'),
(912027, 10227, '趙偉玲', '1984-02-02', 'C200000765', '台中縣神岡鄉仁一路163巷9號', '趙建誠', '04-13234904', '國際貿易科', '台中市市立仁愛國中畢業'),
(912028, 10228, '劉淑遺', '1983-11-23', 'C200000774', '台中縣梧棲鎮和一路103號2F', '劉美麗', '04-13626698', '資料處理科', '台中市市立中正國中畢業'),
(912029, 10229, '潘寵亞', '1984-06-12', 'C200000783', '台中縣清水鎮北寧路333號', '潘金水', '04-13693795', '幼兒保育科', '台中市市立中正國中畢業'),
(912030, 10230, '蔣怡方', '1984-06-24', 'C200000792', '台中縣新社鄉西定路132巷41號', '蔣景城', '04-13277495', '美容科', '台中市市立中正國中畢業'),
(912031, 10231, '蔡井萱', '1984-01-29', 'C200000809', '台中縣潭子鄉樂利三街28巷8 號2F', '蔡秋明', '04-13312403', '室內佈置科', '台中市市立百福國中畢業'),
(912032, 10232, '鄭小瀅', '1983-10-06', 'H200000813', '台中縣龍井鄉路51巷60號', '鄭秀珍', '04-13286453', '商業經營科', '台中市市立中山國中畢業'),
(912033, 10233, '鄧蘊潔', '1984-04-27', 'F200000820', '南投縣中寮鄉三爪子坑路29巷59號4F', '鄧文定', '04-13977716', '國際貿易科', '南投縣縣立和平國中畢業'),
(912034, 10234, '黎絮迎', '1984-08-23', 'C100000834', '台中縣豐原市中山一路4號', '黎玉琴', '04-13228529', '資料處理科', '台中市市立中山國中畢業'),
(912035, 10235, '盧佩熅', '1984-02-18', 'C100000843', '南投縣魚池鄉中山路395號A區9F之六', '盧蓮和', '04-13985610', '幼兒保育科', '南投縣縣立金山國中畢業'),
(912036, 10236, '蕭玉奉', '1984-07-12', 'C100000852', '台中縣霧峰鄉新豐街327巷51號', '蕭清波', '04-13693553', '美容科', '台中市市立仁愛國中畢業'),
(912037, 10237, '賴閿文', '1984-06-18', 'C100000861', '台中縣大甲鎮290巷286號', '賴勳明', '04-13693308', '室內佈置科', '台中市市立忠孝國中畢業'),
(912038, 10238, '錢師亞', '1984-05-31', 'C100000870', '台中縣大安鄉東明路217號5樓', '錢幼玲', '04-13651950', '商業經營科', '台中市市立信義國中畢業'),
(913001, 10301, '閻營君', '1984-07-18', 'C100000889', '台中縣大肚鄉570巷110-3號', '閻李發', '04-13582448', '國際貿易科', '台中市市立忠孝國中畢業'),
(913002, 10302, '龍會玢', '1984-03-15', 'F100000891', '南投縣國姓鄉野柳村港西路11-1號', '龍建松', '04-13923610', '資料處理科', '南投縣縣立萬里國中畢業'),
(913003, 10303, '戴明樺', '1983-11-23', 'F100000908', '南投縣水里鄉瑞濱里台電新村114號', '戴文盛', '04-13978362', '幼兒保育科', '南投縣縣立和平國中畢業'),
(913004, 10304, '薛金陵', '1983-10-14', 'F100000917', '南投縣信義鄉民族六街5巷8號2F', '薛炳分', '04-26953914', '美容科', '南投縣縣立汐止國中畢業'),
(913005, 10305, '謝惠頻', '1984-07-03', 'U100000928', '台中縣大里市正榮街36-3號3F', '謝冬妹', '04-13625932', '商業經營科', '台中市市立中正國中畢業'),
(913006, 10306, '鍾玉文', '1984-04-28', 'C100000932', '台中縣大雅鄉路271號', '鍾金山', '04-13256152', '國際貿易科', '台中市市立中山國中畢業'),
(913007, 10307, '韓亞坊', '1984-04-14', 'H100000946', '南投縣仁愛鄉大鵬村下社路41-1號', '韓自忠', '04-13985637', '資料處理科', '南投縣縣立萬里國中畢業'),
(913008, 10308, '魏嘉汸', '1984-04-29', 'F100000953', '南投縣南投市重和村林口路8-1號', '魏信男', '04-13983292', '幼兒保育科', '南投縣縣立金山國中畢業'),
(913009, 10309, '羅力欣', '1984-04-02', 'C100000969', '南投縣埔里鎮加投路213號', '羅其輝', '04-13982340', '美容科', '南投縣縣立萬里國中畢業'),
(913010, 10310, '譚瑞頻', '1984-09-11', 'C100000978', '台中縣太平市480-2號', '譚文生', '04-13693294', '室內佈置科', '台中市市立安樂國中畢業'),
(913011, 10311, '蘇安禎', '1984-09-23', 'C200000989', '台中縣外埔鄉崇德路10巷26號1F', '蘇清溪', '04-13228297', '商業經營科', '台中市市立百福國中畢業'),
(913012, 10312, '顧秀霞', '1983-12-01', 'F200000991', '南投縣草屯鎮東和路16巷46號2F', '顧源炎', '04-13977772', '國際貿易科', '南投縣縣立和平國中畢業'),
(913013, 10313, '龔玉璿', '1983-05-16', 'C200002009', '台中縣石岡鄉31巷2弄30號 之1F', '龔觀清', '04-13238364', '資料處理科', '台中市市立仁愛國中畢業'),
(913014, 10314, '丁淑華', '1983-04-01', 'F200002011', '南投縣竹山鎮十分街209號', '丁萬居', '04-13958056', '幼兒保育科', '南投縣縣立平溪國中畢業'),
(913015, 10315, '尹詩萍', '1984-08-24', 'F200002020', '南投縣集集鎮玉田路46-4號', '尹介璧', '04-13923421', '美容科', '南投縣縣立萬里國中畢業'),
(913016, 10316, '孔新怡', '1984-03-20', 'F200002039', '南投縣名間鄉三爪子坑路13巷7號', '孔施雄', '04-13978642', '商業經營科', '南投縣縣立和平國中畢業'),
(913017, 10317, '文秀豐', '1984-02-09', 'V200002041', '台中縣后里鄉和一路2巷9之13號', '文長妹', '04-13632481', '國際貿易科', '台中市市立中正國中畢業'),
(913018, 10318, '方玉茹', '1984-09-22', 'C200002054', '台中縣沙鹿鎮正義路2巷78 號3F', '方素員', '04-13228896', '資料處理科', '台中市市立中正國中畢業'),
(913019, 10319, '毛秀真', '1984-05-06', 'F200002066', '南投縣鹿谷鄉三港村雙澳路95號', '毛炎火', '04-13932203', '幼兒保育科', '南投縣縣立雙溪國中畢業'),
(913020, 10320, '王惠琄', '1984-04-24', 'C100001073', '台中縣和平鄉明德一路172巷16之4號', '王文棋', '04-13567293', '美容科', '台中市市立中山國中畢業'),
(913021, 10321, '史欣青', '1983-04-05', 'F100001085', '南投縣中寮鄉水源路2段190號1F', '史炎興', '04-26418130', '室內佈置科', '南投縣縣立汐止國中畢業'),
(913022, 10322, '田芳祝', '1984-03-02', 'F100001094', '南投縣魚池鄉頌德里8號巷3號', '田麗卿', '04-13975359', '商業經營科', '南投縣縣立和平國中畢業'),
(913023, 10323, '白雅玲', '1984-02-26', 'C100001108', '台中縣東勢鎮通明街70-2號', '白上華', '04-13288811', '國際貿易科', '台中市市立中正國中畢業'),
(913024, 10324, '石雅霖', '1984-01-05', 'C100001117', '台中縣烏日鄉月眉路65巷108號之2', '石正雄', '04-13652732', '資料處理科', '台中市市立百福國中畢業'),
(913025, 10325, '任慈縈', '1984-07-29', 'F100001129', '南投縣國姓鄉粗坑口路37號', '任連枝', '04-13578811', '幼兒保育科', '南投縣縣立和平國中畢業'),
(913026, 10326, '朱嘉儀', '1983-11-22', 'C100001135', '台中縣神岡鄉街15號4F', '朱金明', '04-13651340', '美容科', '台中市市立百福國中畢業'),
(913027, 10327, '江慧禎', '1984-07-16', 'C100001144', '台中縣梧棲鎮復興路230巷63-2號3F', '江榮華', '04-42372168', '室內佈置科', '台中市市立中正國中畢業'),
(913028, 10328, '何靜雯', '1983-12-03', 'F100001156', '南投縣水里鄉中山路77號', '何榮貴', '04-49274224', '商業經營科', '南投縣縣立和平國中畢業'),
(913029, 10329, '余韻芬', '1984-08-09', 'C100001162', '台中縣清水鎮安一路100巷219-3號4F', '余振宗', '04-42252917', '國際貿易科', '台中市市立安樂國中畢業'),
(913030, 10330, '吳秋萍', '1984-02-03', 'C100001171', '台中縣新社鄉北寧路346-3 號4F', '吳茂林', '04-13692220', '資料處理科', '台中市市立中正國中畢業'),
(913031, 10331, '呂郁茹', '1984-09-24', 'C100001180', '台中縣潭子鄉信二路25-7號4F', '呂輝隆', '04-42243317', '幼兒保育科', '台中市市立信義國中畢業'),
(913032, 10332, '宋亦菁', '1984-09-27', 'C100001199', '台中縣龍井鄉路359號5F', '宋榮華', '04-13337460', '美容科', '台中市市立信義國中畢業'),
(913033, 10333, '李淑樺', '1984-08-06', 'C100001206', '台中縣豐原市泰安路69-5號2F', '李再明', '04-42514641', '室內佈置科', '台中市市立中山國中畢業'),
(913034, 10334, '杜愛君', '1983-05-29', 'C100001215', '台中縣霧峰鄉街108號5樓', '杜清平', '04-46925677', '商業經營科', '台中市市立忠孝國中畢業'),
(913035, 10335, '沈淑淋', '1984-03-28', 'C100001224', '台中縣大甲鎮30號', '沈文輝', '04-46932611', '國際貿易科', '台中市市立忠孝國中畢業'),
(913036, 10336, '汪慧君', '1983-09-03', 'F100001236', '南投縣信義鄉大埔路152號1樓', '汪明月', '04-42571005', '資料處理科', '南投縣縣立和平國中畢業'),
(913037, 10337, '周偵如', '1983-12-17', 'C100001242', '台中縣大安鄉東明路39巷45-14號4F', '周偉良', '04-42656768', '幼兒保育科', '台中市市立信義國中畢業'),
(913038, 10338, '孟曉玲', '1984-10-04', 'C100001251', '台中縣大肚鄉正榮街77巷43號底二層', '孟木生', '04-42272406', '美容科', '台中市市立中正國中畢業'),
(913039, 10339, '於致聖', '1984-11-04', 'C100001260', '台中縣大里市中華路103-1 號5F', '於振峰', '04-42232710', '商業經營科', '台中市市立中山國中畢業'),
(913040, 10340, '易嘉莉', '1984-05-30', 'A100001277', '台中縣大雅鄉花源五街7號6樓', '易榮華', '04-46263210', '國際貿易科', '台中市市立信義國中畢業'),
(913041, 10341, '林佳真', '1982-06-11', 'A100001286', '台中縣太平市路1巷66-8號', '林廖森', '04-43233266', '資料處理科', '台中市市立信義國中畢業'),
(913042, 10342, '武惠玲', '1982-03-09', 'F100001290', '南投縣仁愛鄉加投路六鄰23號之3 2F', '武文和', '04-49286193', '幼兒保育科', '南投縣縣立萬里國中畢業'),
(913043, 10343, '邵鳳玲', '1984-02-06', 'C100001304', '台中縣外埔鄉復興路230巷63號', '邵春河', '04-43371767', '美容科', '台中市市立中正國中畢業'),
(913044, 10344, '邱怡菁', '1983-03-15', 'C100001313', '台中縣石岡鄉112巷2 弄11-3號4F', '邱明宗', '04-34274782', '室內佈置科', '台中市市立仁愛國中畢業'),
(913045, 10345, '金佳純', '1984-04-21', 'C100001322', '台中縣后里鄉中正街656巷40號2F', '金寬二', '04-44624537', '商業經營科', '台中市市立中正國中畢業'),
(913046, 10346, '侯秋燕', '1984-08-30', 'C200001333', '台中縣沙鹿鎮154巷11-2號3F', '侯金木', '04-46150755', '國際貿易科', '台中市市立百福國中畢業'),
(913047, 10347, '姜玉茹', '1983-12-26', 'C200001342', '台中縣和平鄉187-1號2F', '姜政聲', '04-46227840', '資料處理科', '台中市市立信義國中畢業'),
(913048, 10348, '姚怡婷', '1984-03-17', 'C200001351', '台中縣東勢鎮漁港三街146 號3F', '姚國清', '04-43691540', '幼兒保育科', '台中市市立仁愛國中畢業'),
(913049, 10349, '段秀玉', '1984-08-27', 'F200001363', '南投縣南投市磺潭村清水路13號', '段黃英', '04-49484536', '美容科', '南投縣縣立萬里國中畢業'),
(913050, 10350, '胡月香', '1983-10-05', 'P200001379', '台中縣烏日鄉基金二路1巷158號', '胡素碧', '04-41691122', '商業經營科', '台中市市立安樂國中畢業'),
(913051, 10351, '范蕙琴', '1983-11-21', 'C200001388', '台中縣神岡鄉北寧路369巷27-3號', '范英連', '04-46191518', '國際貿易科', '台中市市立中正國中畢業'),
(913052, 10352, '唐千怡', '1984-01-04', 'C200001397', '台中縣梧棲鎮信二路101號之4,4樓', '唐新田', '04-42339773', '資料處理科', '台中市市立信義國中畢業'),
(913053, 10353, '夏喬后', '1984-01-29', 'C200001404', '台中縣清水鎮188巷14之3號', '夏榮文', '04-43579947', '幼兒保育科', '台中市市立忠孝國中畢業'),
(913054, 10354, '孫小芬', '1984-07-21', 'L200001410', '南投縣埔里鎮仁愛路67巷9 號3F', '孫春菅', '04-41986214', '美容科', '南投縣縣立金山國中畢業'),
(913055, 10355, '徐姍珊', '1984-04-13', 'C200001422', '台中縣新社鄉正濱路116巷7弄10號5F', '徐清隆', '04-46223474', '室內佈置科', '台中市市立中正國中畢業'),
(913056, 10356, '秦書敏', '1984-10-09', 'C100001439', '台中縣潭子鄉中山二路32號', '秦銀女', '04-42333128', '商業經營科', '台中市市立中山國中畢業'),
(913057, 10357, '袁曉雯', '1984-07-26', 'F100001441', '台中縣龍井鄉源遠路152巷31號5F', '袁清連', '04-42573183', '國際貿易科', '台中市市立忠孝國中畢業'),
(913058, 10401, '郝雅萍', '1984-07-10', 'P100001457', '台中縣豐原市泰安路22號1F', '郝進後', '04-13515078', '資料處理科', '台中市市立中山國中畢業'),
(913059, 10402, '馬瑩純', '1984-08-01', 'F100001469', '南投縣草屯鎮瑪鍊下街49號', '馬春長', '04-41925378', '幼兒保育科', '南投縣縣立萬里國中畢業'),
(913060, 10403, '高佳芬', '1984-05-20', 'C100001475', '台中縣霧峰鄉北寧路31巷4-1號', '高金吉', '04-46329028', '美容科', '台中市市立中正國中畢業'),
(913061, 10404, '崔秋萍', '1980-10-29', 'F100001487', '南投縣竹山鎮仁和路41號2F', '崔有福', '04-14902565', '室內佈置科', '南投縣縣立仁愛國中畢業'),
(913062, 10405, '常雯蓉', '1983-12-07', 'F100001496', '南投縣集集鎮仁和路41號2F', '常有福', '04-43902656', '商業經營科', '南投縣縣立仁愛國中畢業'),
(913063, 10406, '康如宜', '1984-04-12', 'C100001500', '台中縣大甲鎮信二路174巷49-4號5F', '康添財', '04-42295279', '國際貿易科', '台中市市立信義國中畢業'),
(913064, 10407, '張玉如', '1982-12-22', 'P100001519', '台中縣大安鄉12巷39號5F', '張淑霞', '04-42177000', '資料處理科', '台中市市立忠孝國中畢業'),
(913065, 10408, '曹佳穎', '1984-07-19', 'C100001528', '台中縣大肚鄉東明路54號4F', '曹勝華', '04-46514149', '幼兒保育科', '台中市市立信義國中畢業'),
(913066, 10409, '梁素瑩', '1984-10-04', 'C100001537', '台中縣大里市中正路790-1 號', '梁銘振', '04-43621493', '美容科', '台中市市立中正國中畢業'),
(913067, 10410, '許佩賢', '1984-03-25', 'C100001546', '台中縣大雅鄉180-7號5F', '許陽生', '04-43573452', '室內佈置科', '台中市市立忠孝國中畢業'),
(913068, 10411, '郭婉琪', '1983-10-11', 'C100001555', '台中縣太平市源遠路292巷4-1號2F', '郭瑞添', '04-45473379', '商業經營科', '台中市市立忠孝國中畢業'),
(913069, 10412, '陳惠文', '1984-03-10', 'V100001560', '台中縣外埔鄉69號', '陳瑞欽', '090-022306', '國際貿易科', '台中市市立安樂國中畢業'),
(913070, 10413, '陸少衿', '1984-04-24', 'C100001573', '台中縣石岡鄉69號', '陸林乾', '04-41653238', '資料處理科', '台中市市立安樂國中畢業'),
(913071, 10414, '章意如', '1984-08-10', 'F100001585', '南投縣名間鄉仁愛路124巷2號3F', '章顯榮', '04-13901148', '幼兒保育科', '南投縣縣立仁愛國中畢業'),
(913072, 10415, '傅心怡', '1984-03-29', 'C100001591', '台中縣后里鄉武聖街144巷23號3F', '傅福長', '04-42333639', '美容科', '台中市市立安樂國中畢業'),
(913073, 10416, '喬苑茹', '1984-07-05', 'C100001608', '台中縣沙鹿鎮工建路172號2F', '喬振興', '04-45213353', '商業經營科', '台中市市立八斗國中畢業'),
(913074, 10417, '彭曉茹', '1984-10-26', 'C100001617', '台中縣和平鄉崇德路68號底樓', '彭金牛', '023-4286109', '國際貿易科', '台中市市立百福國中畢業'),
(913075, 10418, '曾懷文', '1984-09-17', 'C100001626', '台中縣東勢鎮寧靜街48號1F', '曾南方', '04-43575236', '資料處理科', '台中市市立忠孝國中畢業'),
(913076, 10419, '湯麗芳', '1983-10-23', 'V100001631', '台中縣烏日鄉中正路345號之4,5樓', '湯義聖', '04-46432694', '幼兒保育科', '台中市市立中正國中畢業'),
(913077, 10420, '程巧鈐', '1984-11-04', 'F100001647', '台中縣神岡鄉源遠路243號', '程金來', '04-42574792', '美容科', '台中市市立忠孝國中畢業'),
(913078, 10421, '賀若霜', '1984-10-29', 'C100001653', '台中縣梧棲鎮新豐街159號4樓', '賀忠勇', '04-41691101', '室內佈置科', '台中市市立仁愛國中畢業'),
(913079, 10422, '馮曉娟', '1984-01-08', 'C100001662', '台中縣清水鎮龍安街29號5F', '馮建財', '04-42727145', '商業經營科', '台中市市立安樂國中畢業'),
(913080, 10423, '黃玉燕', '1983-10-28', 'U100001676', '台中縣新社鄉正濱路116巷5弄9號5F', '黃阿德', '04-46129726', '國際貿易科', '台中市市立中正國中畢業'),
(913081, 10424, '楊佳雯', '1984-05-21', 'C100001680', '台中縣潭子鄉祥豐街112號3F', '楊建良', '04-46121345', '資料處理科', '台中市市立中正國中畢業'),
(913082, 10425, '萬明瑜', '1984-11-04', 'C100001699', '台中縣龍井鄉新西街207巷30之3號4F', '萬朝國', '04-41255482', '幼兒保育科', '台中市市立百福國中畢業'),
(913083, 10426, '葉欣瑜', '1984-10-29', 'F100001709', '台中縣豐原市168巷13弄10 號4F', '葉鳳嬌', '04-43265587', '美容科', '台中市市立仁愛國中畢業'),
(913084, 10427, '董婉婷', '1984-07-19', 'F100001718', '南投縣鹿谷鄉岳王路78號4F', '董陳竹', '04-49722475', '商業經營科', '南投縣縣立和平國中畢業'),
(913085, 10428, '賈淑美', '1983-04-15', 'G100001728', '台中縣霧峰鄉105號', '賈清標', '04-42264907', '國際貿易科', '台中市市立忠孝國中畢業'),
(913086, 10429, '鄒雅玲', '1984-09-15', 'C100001733', '台中縣大甲鎮中船路90巷3 號3F', '鄒勝奇', '04-42842842', '資料處理科', '台中市市立中正國中畢業'),
(913087, 10430, '廖雅慧', '1982-12-15', 'F100001745', '南投縣中寮鄉四維路41號1F', '廖錦亮', '04-49822759', '幼兒保育科', '南投縣縣立金山國中畢業'),
(913088, 10431, '熊蓉蓉', '1983-12-07', 'E100001753', '台中縣大安鄉和一路75號3F', '熊美月', '04-46322685', '美容科', '台中市市立中正國中畢業'),
(913089, 10432, '趙依萍', '1983-12-05', 'V100001766', '台中縣大肚鄉新豐街327巷24號', '趙光仁', '04-46922153', '室內佈置科', '台中市市立仁愛國中畢業'),
(913090, 10433, '劉玲蓉', '1984-01-17', 'E100001771', '南投縣魚池鄉清水路60巷16號', '劉文政', '04-49824056', '商業經營科', '南投縣縣立金山國中畢業'),
(913091, 10434, '潘素麗', '1984-10-05', 'C100001788', '台中縣大里市平二路19巷17號', '潘春隆', '04-41623518', '國際貿易科', '台中市市立中正國中畢業'),
(913092, 10435, '蔣鈺惠', '1984-01-12', 'H100001792', '南投縣國姓鄉明里路121號', '蔣黃翔', '04-49262023', '資料處理科', '南投縣縣立和平國中畢業'),
(913093, 10436, '蔡秀娟', '1984-07-09', 'E100001806', '台中縣大雅鄉漁港三街108 號5F', '蔡清平', '04-46295677', '幼兒保育科', '台中市市立仁愛國中畢業'),
(913094, 10437, '鄭姍玫', '1984-11-26', 'F100001816', '南投縣中寮鄉朝陽街20號', '鄭文然', '04-49341228', '美容科', '南投縣縣立仁愛國中畢業'),
(913095, 10438, '鄧雅麟', '1984-02-02', 'C100001822', '台中縣太平市191號之5F', '鄧慧卿', '04-41241255', '室內佈置科', '台中市市立仁愛國中畢業'),
(913096, 10439, '黎惠雯', '1984-11-06', 'C200001833', '台中縣外埔鄉路168巷52弄21號4F', '黎忠成', '04-46264103', '商業經營科', '台中市市立信義國中畢業'),
(913097, 10440, '盧思雅', '1983-10-30', 'F200001845', '南投縣魚池鄉基山街22號', '盧志祥', '04-49736471', '國際貿易科', '南投縣縣立和平國中畢業'),
(913098, 10441, '蕭淑真', '1984-03-01', 'F200001854', '南投縣國姓鄉仁愛路116號', '蕭俊明', '04-49201673', '資料處理科', '南投縣縣立仁愛國中畢業'),
(913099, 10442, '賴純慧', '1984-09-20', 'V200001866', '台中縣石岡鄉新豐街157號4樓', '賴彩祥', '04-46191499', '幼兒保育科', '台中市市立仁愛國中畢業'),
(913100, 10443, '錢婉怡', '1983-10-24', 'C200001879', '台中縣后里鄉祥豐街319號5樓', '錢金樹', '04-46227923', '美容科', '台中市市立中正國中畢業'),
(913101, 10444, '閻雅玲', '1984-02-02', 'F100001889', '南投縣水里鄉忠孝東路437 巷16號1F', '閻元在', '04-64110635', '室內佈置科', '南投縣縣立汐止國中畢業'),
(913102, 10445, '龍曉韻', '1984-09-20', 'X100001891', '台中縣沙鹿鎮百二路88-2號3F', '龍峰瑞', '04-45122615', '商業經營科', '台中市市立中山國中畢業'),
(913103, 10446, '戴梅玉', '1984-05-26', 'C100001902', '台中縣和平鄉和平街29巷51弄1號', '戴則貴', '04-46129151', '國際貿易科', '台中市市立中正國中畢業'),
(913104, 10447, '薛秋菊', '1983-04-28', 'C100001911', '台中縣東勢鎮172號之2,3樓', '薛錦基', '04-42728611', '資料處理科', '台中市市立中正國中畢業'),
(913105, 10448, '謝淑秋', '1984-10-18', 'F100001923', '南投縣信義鄉魚行村新店街52號', '謝三郎', '04-49231326', '幼兒保育科', '南投縣縣立雙溪國中畢業'),
(913106, 10449, '鍾麗秋', '1984-12-06', 'F100001932', '南投縣仁愛鄉貢寮街61號', '鍾天助', '04-49412498', '美容科', '南投縣縣立仁愛國中畢業'),
(913107, 10450, '韓淑真', '1984-09-29', 'C100001948', '台中縣烏日鄉2-51號4F', '韓朝松', '04-46525202', '商業經營科', '台中市市立信義國中畢業'),
(913108, 10451, '魏賴琦', '1984-08-22', 'F100001950', '南投縣南投市深澳路63號', '魏銀旺', '04-49772486', '國際貿易科', '南投縣縣立和平國中畢業'),
(913109, 10452, '羅淑玲', '1984-09-15', 'U100001961', '台中縣神岡鄉中華路105巷57號', '羅賜源', '04-42281534', '資料處理科', '台中市市立中山國中畢業'),
(913110, 10453, '譚心培', '1984-07-01', 'F100001978', '南投縣埔里鎮三爪子坑路47巷2弄16-1', '譚志達', '04-42971397', '幼兒保育科', '南投縣縣立和平國中畢業'),
(913111, 10454, '蘇富仙', '1984-06-26', 'N100001983', '台中縣梧棲鎮平三路13號5F', '蘇降復', '04-14625904', '美容科', '台中市市立中正國中畢業'),
(913112, 10455, '顧怡芳', '1984-01-23', 'C100001993', '台中縣清水鎮樂利三街28巷27-2號3F', '顧宗成', '04-43121092', '室內佈置科', '台中市市立百福國中畢業'),
(913113, 10456, '龔慧玉', '1984-08-08', 'F100002000', '南投縣草屯鎮十分街202號', '龔榮富', '04-49258535', '商業經營科', '南投縣縣立平溪國中畢業'),
(913114, 10457, '丁嘉琪', '1984-06-12', 'C100002016', '台中縣新社鄉55巷12號4F', '丁坤清', '04-46262043', '國際貿易科', '台中市市立百福國中畢業'),
(913115, 10458, '尹伶霞', '1983-12-17', 'A100002023', '台中縣潭子鄉路11巷24弄8-2號3F', '尹玉音', '04-42824665', '資料處理科', '台中市市立忠孝國中畢業'),
(913116, 10459, '孔潔如', '1984-06-12', 'F100002037', '南投縣竹山鎮中央路44巷27號', '孔國鈞', '04-63822956', '幼兒保育科', '南投縣縣立石門國中畢業'),
(913117, 10501, '文元君', '1983-12-18', 'F100002046', '台中縣龍井鄉東信路180巷70號', '文明志', '04-46524922', '美容科', '台中市市立信義國中畢業'),
(913118, 10502, '方姍珊', '1984-04-13', 'C100002052', '台中縣豐原市正濱路116巷7弄10號5F', '方清隆', '04-46223474', '商業經營科', '台中市市立中正國中畢業'),
(913119, 10503, '毛蕙琴', '1983-11-21', 'C100002061', '台中縣霧峰鄉北寧路369巷27-3號', '毛英連', '04-46921518', '國際貿易科', '台中市市立中正國中畢業'),
(913120, 10504, '王思穎', '1984-08-16', 'A100002078', '台中縣大甲鎮安一路100 巷186號', '王翰嬌', '04-42377352', '資料處理科', '台中市市立安樂國中畢業'),
(913121, 10505, '史雪莉', '1984-07-07', 'C100002089', '台中縣大安鄉堵南里溪頭街23號', '史和睦', '04-45142263', '幼兒保育科', '台中市市立中山國中畢業'),
(913122, 10506, '田佳佳', '1984-07-08', 'F100002091', '南投縣集集鎮大埔路231號', '田信弘', '04-45378084', '美容科', '南投縣縣立和平國中畢業'),
(913123, 10507, '白嘉惠', '1984-05-20', 'C100002105', '台中縣大肚鄉過港路154號1F', '白錦德', '04-45731354', '室內佈置科', '台中市市立忠孝國中畢業'),
(913124, 10508, '石欣玲', '1984-04-24', 'C100002114', '台中縣大里市北寧路349-1號', '石順發', '04-46394377', '商業經營科', '台中市市立中正國中畢業'),
(913125, 10509, '任千怡', '1984-01-04', 'C100002123', '台中縣大雅鄉信二路101號之4,4樓', '任新田', '04-42339773', '國際貿易科', '台中市市立信義國中畢業'),
(913126, 10510, '朱秀容', '1984-09-18', 'F100002135', '南投縣名間鄉建基路2段116號', '朱賜宗', '04-49731685', '資料處理科', '南投縣縣立和平國中畢業'),
(913127, 10511, '江香君', '1984-02-07', 'P100002141', '台中縣太平市信六路12號2F', '江民意', '04-42830427', '幼兒保育科', '台中市市立中正國中畢業'),
(913128, 10512, '何嘉容', '1983-12-02', 'C100002150', '台中縣外埔鄉大華一路78號', '何武雄', '04-45652210', '美容科', '台中市市立八斗國中畢業'),
(913129, 10513, '余憶萍', '1984-04-04', 'C100002169', '台中縣石岡鄉安和一街4巷12號2F', '余聰明', '04-43153123', '室內佈置科', '台中市市立安樂國中畢業'),
(913130, 10514, '吳秀玲', '1984-07-28', 'F100002171', '南投縣鹿谷鄉大同路2段202號7F', '吳龍昌', '04-64723223', '商業經營科', '南投縣縣立汐止國中畢業'),
(913131, 10515, '呂秀娟', '1984-07-28', 'F100002180', '南投縣中寮鄉大同路2段202號7F', '呂龍昌', '04-64732223', '國際貿易科', '南投縣縣立汐止國中畢業'),
(913132, 10516, '宋依婷', '1983-11-08', 'F100002199', '南投縣魚池鄉中央路48巷4 號1F吉祥', '宋新勇', '04-45731667', '資料處理科', '南投縣縣立和平國中畢業'),
(913133, 10517, '李佳瑩', '1983-10-13', 'C100002203', '台中縣后里鄉和一路84巷20弄65號', '李坤祥', '04-46323095', '幼兒保育科', '台中市市立中正國中畢業'),
(913134, 10518, '杜怡亭', '1984-02-09', 'N100002211', '台中縣沙鹿鎮東勢街6-34號', '杜春烈', '04-45370919', '美容科', '台中市市立建德國中畢業'),
(913135, 10519, '沈雨欣', '1984-05-25', 'F100002224', '南投縣國姓鄉汐萬路二段66巷63弄6號', '沈永源', '04-63463941', '室內佈置科', '南投縣縣立汐止國中畢業'),
(913136, 10520, '汪圓惠', '1984-11-02', 'C100002230', '台中縣和平鄉750號', '汪順義', '04-46328151', '商業經營科', '台中市市立仁愛國中畢業'),
(913137, 10521, '周秀芬', '1984-03-04', 'C100002249', '南投縣中寮鄉大埔路115巷26-3號', '周明輝', '04-45733874', '國際貿易科', '南投縣縣立和平國中畢業'),
(913138, 10522, '孟 涵', '1984-01-11', 'C100002258', '台中縣東勢鎮239號3F', '孟守義', '04-42635636', '資料處理科', '台中市市立百福國中畢業'),
(913139, 10523, '於偉齡', '1984-04-09', 'C100002267', '南投縣魚池鄉水源路1段286號2F', '於品山', '04-43224375', '幼兒保育科', '南投縣縣立汐止國中畢業'),
(913140, 10524, '易心怡', '1983-10-09', 'C100002276', '台中縣烏日鄉南榮路121號5F', '易德煌', '04-42238022', '美容科', '台中市市立北寧國中畢業'),
(913141, 10525, '林永安', '1984-09-19', 'F100002288', '南投縣國姓鄉逢甲路330號', '林基珍', '04-49371879', '商業經營科', '南投縣縣立和平國中畢業'),
(913142, 10526, '武惟琇', '1983-11-30', 'A100002292', '台中縣神岡鄉東信路258巷31-4號5F', '武捷隆', '04-46256341', '國際貿易科', '台中市市立信義國中畢業'),
(913143, 10527, '邵喬后', '1984-01-29', 'C100002301', '台中縣梧棲鎮街131巷 12之2號', '邵榮文', '04-43228909', '資料處理科', '台中市市立安樂國中畢業'),
(913144, 10528, '邱麗梅', '1983-02-03', 'C100002310', '台中縣清水鎮北寧路369巷43號', '邱朝福', '04-46292059', '幼兒保育科', '台中市市立中正國中畢業'),
(913145, 10529, '金瓊如', '1984-03-22', 'C100002329', '台中縣新社鄉南路337號', '金朝枝', '04-42270612', '美容科', '台中市市立月眉國中畢業'),
(913146, 10530, '侯玉梅', '1984-06-29', 'A100002336', '南投縣水里鄉公園路10號', '侯金連', '04-64121082', '室內佈置科', '南投縣縣立汐止國中畢業'),
(913147, 10531, '姜亦潔', '1984-08-09', 'C100002347', '台中縣潭子鄉福二街204之4號', '姜美雲', '04-42512482', '商業經營科', '台中市市立中山國中畢業'),
(913148, 10532, '姚長怡', '1984-03-16', 'C100002356', '台中縣龍井鄉安和一街6巷46-4號5F', '姚士清', '04-43116796', '國際貿易科', '台中市市立安樂國中畢業'),
(913149, 10533, '段音如', '1983-12-11', 'C100002365', '台中縣豐原市大華一路34-3號1F', '段連東', '04-45611878', '資料處理科', '台中市市立八斗國中畢業'),
(913150, 10534, '胡曉琳', '1984-01-16', 'C100002374', '台中縣霧峰鄉崇孝街71號之3四樓', '胡萬枝', '04-45163290', '幼兒保育科', '台中市市立中山國中畢業'),
(913151, 10535, '范錦儒', '1983-09-23', 'F100002386', '南投縣信義鄉瑞興新村12巷11號', '范東興', '04-41968686', '美容科', '南投縣縣立和平國中畢業'),
(913152, 10536, '唐靜華', '1984-07-25', 'F100002395', '南投縣仁愛鄉大埔路有勝二村6號4F', '唐金城', '04-45718171', '商業經營科', '南投縣縣立和平國中畢業'),
(913153, 10537, '夏麗玲', '1984-01-07', 'C100002409', '台中縣大甲鎮西定路368巷22號2F', '夏清溪', '04-42614981', '國際貿易科', '台中市市立中正國中畢業'),
(913154, 10538, '孫麗涵', '1983-10-15', 'C200002410', '台中縣大安鄉中正路51號', '孫耀明', '04-42122695', '資料處理科', '台中市市立中正國中畢業'),
(913155, 10539, '徐雪如', '1984-07-30', 'C200002429', '台中縣大肚鄉南榮路117巷35弄12之3', '徐燕魁', '04-42218110', '幼兒保育科', '台中市市立月眉國中畢業'),
(913156, 10540, '秦佩芬', '1984-10-03', 'C200002438', '台中縣大里市樂利三街34巷10號', '秦達明', '04-43135864', '美容科', '台中市市立百福國中畢業'),
(913157, 10541, '袁惠晴', '1984-04-05', 'C200002447', '台中縣大雅鄉正義路29巷14號1F', '袁福雄', '04-41241812', '室內佈置科', '台中市市立中正國中畢業'),
(913158, 10542, '郝瑞婷', '1984-03-02', 'M200002454', '台中縣太平市祥豐街68巷306號', '郝介吾', '04-14623046', '商業經營科', '台中市市立中和國中畢業'),
(913159, 10543, '馬嘉琪', '1984-06-12', 'C200002465', '台中縣外埔鄉55巷12號4F', '馬坤清', '04-14662043', '國際貿易科', '台中市市立百福國中畢業'),
(913160, 10544, '高素鳳', '1984-07-18', 'F200002477', '南投縣南投市三爪子路69巷14號4F', '高政宗', '04-41960256', '資料處理科', '南投縣縣立和平國中畢業'),
(913161, 10545, '崔曉芬', '1983-12-11', 'C200002483', '台中縣石岡鄉南新街218-1 號2F', '崔雲庚', '04-42832850', '幼兒保育科', '台中市市立公園國中畢業'),
(913162, 10546, '常鈺玟', '1983-12-05', 'D200002493', '台中縣后里鄉百六街23號4F', '常澤田', '04-45162208', '美容科', '台中市市立中山國中畢業'),
(913163, 10547, '康宜敏', '1984-03-12', 'F200002502', '台中縣沙鹿鎮中山一路35巷15號3F', '康簡碧', '04-42728447', '室內佈置科', '台中市市立中山國中畢業'),
(913164, 10548, '張亦文', '1984-06-22', 'F200002511', '南投縣埔里鎮建基路弘祥新村1段2號', '張柯滿', '04-49270998', '商業經營科', '南投縣縣立和平國中畢業'),
(913165, 10549, '曹曉琪', '1983-11-28', 'C200002527', '台中縣和平鄉新豐街161巷75號3F', '曹神舜', '04-13693477', '國際貿易科', '台中市市立仁愛國中畢業'),
(913166, 10550, '梁怡芳', '1984-01-23', 'C200002536', '台中縣東勢鎮樂利三街28巷27-2號3F', '梁宗成', '04-43221092', '資料處理科', '台中市市立百福國中畢業'),
(913167, 10551, '許書敏', '1984-10-09', 'C200002545', '台中縣烏日鄉中山二路32號', '許銀女', '04-42233128', '幼兒保育科', '台中市市立中山國中畢業'),
(913168, 10552, '郭巧真', '1984-02-27', 'C100002552', '台中縣神岡鄉89巷47之2號3F', '郭總成', '04-42247115', '美容科', '台中市市立南榮國中畢業'),
(913169, 10553, '陳曼雯', '1983-10-28', 'C100002561', '台中縣梧棲鎮樂利三街30巷4號', '陳清泉', '04-43124294', '室內佈置科', '台中市市立百福國中畢業'),
(913170, 10554, '陸慧玉', '1984-08-08', 'F100002573', '南投縣草屯鎮十分街202號', '陸榮富', '04-49528535', '商業經營科', '南投縣縣立平溪國中畢業'),
(913171, 10555, '章詩萍', '1984-02-19', 'A100002587', '南投縣竹山鎮瑞濱路93號', '章雅雄', '04-49277703', '國際貿易科', '南投縣縣立和平國中畢業'),
(914001, 10601, '傅佳怡', '1984-09-20', 'C100002598', '台中縣清水鎮安一路166-3 號4F', '傅聖寬', '04-14237541', '資料處理科', '台中市市立安樂國中畢業'),
(914002, 10602, '喬嘉瑋', '1983-06-25', 'A100002603', '台中縣新社鄉信二路224巷3號', '喬蓮琴', '04-42227371', '幼兒保育科', '台中市市立信義國中畢業'),
(914003, 10603, '彭君怡', '1984-06-20', 'F100002617', '台中縣潭子鄉正義路2巷46 號1F', '彭寶琴', '04-42231279', '美容科', '台中市市立中正國中畢業'),
(914004, 10604, '曾靜瑩', '1984-07-27', 'V100002629', '南投縣集集鎮復興路37號', '曾明雄', '04-64319784', '商業經營科', '南投縣縣立汐止國中畢業'),
(914005, 10605, '湯怡珊', '1984-03-08', 'C100002632', '台中縣龍井鄉寧靜街151-28號1F', '湯志士', '04-45174027', '國際貿易科', '台中市市立忠孝國中畢業'),
(914006, 10606, '程錦芳', '1984-08-09', 'F100002644', '南投縣名間鄉瑞竹路59號', '程三源', '04-45728128', '資料處理科', '南投縣縣立和平國中畢業'),
(914007, 10607, '賀淑穎', '1984-07-21', 'C100002650', '台中縣豐原市愛四路3-1號', '賀明賢', '04-42822370', '幼兒保育科', '台中市市立安樂國中畢業'),
(914008, 10608, '馮筱慧', '1983-10-12', 'C100002669', '台中縣霧峰鄉文化路50巷1 弄6號1F', '馮月嬌', '04-42614657', '美容科', '台中市市立中正國中畢業'),
(914009, 10609, '黃佳玲', '1984-09-20', 'C100002678', '台中縣大甲鎮中船路112巷30弄12號', '黃春松', '04-41273279', '室內佈置科', '台中市市立中正國中畢業'),
(914010, 10610, '楊雅惠', '1983-04-09', 'F100002680', '南投縣鹿谷鄉民權街12巷25號', '楊勝芳', '04-49616522', '商業經營科', '南投縣縣立和平國中畢業'),
(914011, 10611, '萬燕鈴', '1980-05-25', 'F100002699', '南投縣中寮鄉傑魚坑路271 號', '萬份來', '04-49748168', '國際貿易科', '南投縣縣立和平國中畢業'),
(914012, 10612, '葉君美', '1983-02-14', 'V100002709', '台中縣大安鄉明德一路2巷21號5F', '葉金玉', '04-41551181', '資料處理科', '台中市市立中山國中畢業'),
(914013, 10613, '董宜慧', '1984-03-03', 'C100002712', '台中縣大肚鄉百六街107巷18號3樓', '董信次', '04-45113262', '幼兒保育科', '台中市市立中山國中畢業'),
(914014, 10614, '賈淑芬', '1984-09-13', 'F100002724', '南投縣魚池鄉十分街34號', '賈松進', '04-49518551', '美容科', '南投縣縣立平溪國中畢業'),
(914015, 10615, '鄒家萱', '1983-12-18', 'C100002730', '台中縣大里市實踐路294巷8號1F', '鄒成富', '04-45215824', '商業經營科', '台中市市立中山國中畢業'),
(914016, 10616, '廖怡芬', '1983-09-16', 'C100002749', '台中縣大雅鄉西定路351號2F', '廖黃水', '04-42462747', '國際貿易科', '台中市市立中正國中畢業'),
(914017, 10617, '熊筑伶', '1984-06-17', 'H100002753', '台中縣太平市安樂路一段266號2F', '熊勝賢', '04-13244999', '資料處理科', '台中市市立安樂國中畢業'),
(914018, 10618, '趙雅琳', '1984-06-14', 'F100002760', '南投縣國姓鄉忠孝東路234 號2F', '趙三奇', '04-64217527', '幼兒保育科', '南投縣縣立汐止國中畢業'),
(914019, 10619, '劉百合', '1984-12-27', 'C100002776', '台中縣外埔鄉新丰街251巷10弄8號', '劉榮煌', '04-46293569', '美容科', '台中市市立仁愛國中畢業'),
(914020, 10620, '潘春梅', '1984-02-11', 'C100002785', '台中縣石岡鄉和一路58巷23號5F', '潘瑞源', '04-46228033', '室內佈置科', '台中市市立中正國中畢業'),
(914021, 10621, '蔣淑秋', '1983-11-11', 'G100002798', '宜蘭縣三星鄉大溪里仁澤新村2號', '蔣長波', '039-781717', '商業經營科', '宜蘭縣縣立頭城國中畢業'),
(914022, 10622, '蔡淑娟', '1984-07-18', 'C100002801', '台中縣后里鄉大同街21號', '蔡瑞榮', '04-45265527', '國際貿易科', '台中市市立八斗國中畢業'),
(914023, 10623, '鄭嘉燕', '1984-09-26', 'C100002810', '台中縣沙鹿鎮基金一路208 巷18號', '鄭阿生', '04-43210943', '資料處理科', '台中市市立安樂國中畢業'),
(914024, 10624, '鄧賜華', '1984-07-14', 'C100002829', '台中縣和平鄉和一路127號', '鄧國權', '04-46225239', '幼兒保育科', '台中市市立中正國中畢業'),
(914025, 10625, '黎麗玲', '1983-10-10', 'F100002831', '台中縣東勢鎮中正路702號 之2三樓', '黎文進', '04-46220301', '美容科', '台中市市立中正國中畢業'),
(914026, 10626, '盧莉萍', '1984-09-06', 'G100002841', '台中縣烏日鄉正濱路26巷22號', '盧松輝', '04-46202615', '室內佈置科', '台中市市立中正國中畢業'),
(914027, 10627, '蕭筱怡', '1984-04-21', 'C100002856', '台中縣神岡鄉武嶺街144號3樓', '蕭秋欽', '04-43223684', '商業經營科', '台中市市立百福國中畢業'),
(914028, 10628, '賴雅雯', '1984-08-23', 'C100002865', '台中縣梧棲鎮培德路7巷25 號3F', '賴文德', '04-46257141', '國際貿易科', '台中市市立信義國中畢業'),
(914029, 10629, '錢麗琴', '1983-11-28', 'E100002876', '台中縣清水鎮漁港三街106 號5F', '錢三益', '04-46295688', '資料處理科', '台中市市立仁愛國中畢業'),
(914030, 10630, '閻慧蘭', '1984-03-11', 'C100002883', '台中縣新社鄉愛五路6巷46 號', '閻寬永', '04-42523628', '幼兒保育科', '台中市市立安樂國中畢業'),
(914031, 10631, '龍苑君', '1984-02-05', 'C100002892', '台中縣潭子鄉開元路104-4 號', '龍添福', '04-45623321', '美容科', '台中市市立中山國中畢業'),
(914032, 10632, '戴亦芳', '1984-08-05', 'C100002909', '台中縣龍井鄉信二路74巷18號', '戴坤銘', '04-42201911', '室內佈置科', '台中市市立信義國中畢業'),
(914033, 10633, '薛雅芳', '1984-08-16', 'F100002911', '南投縣中寮鄉十分街215號', '薛榮華', '04-49580260', '商業經營科', '南投縣縣立平溪國中畢業'),
(914034, 10634, '謝佩君', '1984-08-24', 'C100002927', '台中縣豐原市水源路9-9號2F', '謝兩傳', '04-45720238', '國際貿易科', '台中市市立建德國中畢業'),
(914035, 10635, '鍾郁鈴', '1984-08-16', 'F100002939', '南投縣魚池鄉瑪鍊路2號3F', '鍾崇煌', '04-49212916', '資料處理科', '南投縣縣立萬里國中畢業'),
(914036, 10636, '韓卓葳', '1984-08-06', 'C100002945', '台中縣霧峰鄉培德路2巷32 號5F', '韓培興', '04-46258603', '幼兒保育科', '台中市市立信義國中畢業'),
(914037, 10637, '魏佳琪', '1982-07-29', 'F100002957', '南投縣國姓鄉金包里街73號', '魏清河', '04-49281806', '美容科', '南投縣縣立金山國中畢業'),
(914038, 10638, '羅孟君', '1984-08-18', 'C100002963', '台中縣大甲鎮中山1路241巷20號', '羅德和', '04-42230795', '商業經營科', '台中市市立中山國中畢業'),
(914039, 10639, '譚婷婷', '1984-01-16', 'F100002975', '南投縣水里鄉磺港路26號', '譚明全', '04-49282994', '國際貿易科', '南投縣縣立金山國中畢業'),
(914040, 10640, '蘇詩平', '1983-10-12', 'F100002984', '南投縣信義鄉三爪子坑64-10號1F', '蘇阿涼', '04-42970812', '資料處理科', '南投縣縣立和平國中畢業'),
(914041, 10641, '顧曉君', '1983-11-23', 'C100002990', '台中縣大安鄉安一路278巷62弄69號', '顧佳銘', '04-42328592', '幼兒保育科', '台中市市立安樂國中畢業'),
(914042, 10642, '龔琬珊', '1983-11-14', 'C100003004', '台中縣大肚鄉愛五路10巷3 號', '龔寬忠', '04-42323529', '美容科', '台中市市立安樂國中畢業'),
(914043, 10643, '丁曉琦', '1984-08-28', 'C100003013', '台中縣大里市祥豐街71號3F', '丁聯祥', '04-46220872', '室內佈置科', '台中市市立中船國中畢業'),
(914044, 10644, '尹惠琳', '1983-10-28', 'C100003022', '台中縣大雅鄉復興212巷21 弄69號', '尹阿財', '04-43726182', '商業經營科', '台中市市立中正國中畢業'),
(914045, 10645, '孔秀雅', '1984-06-24', 'F100003034', '台中縣太平市中正路182巷33-1號', '孔景仁', '04-42826086', '國際貿易科', '台中市市立中正國中畢業'),
(914046, 10646, '文鈺淳', '1983-08-24', 'C100003040', '台中縣外埔鄉86號2F', '文秀美', '04-42728847', '資料處理科', '台中市市立信義國中畢業'),
(914047, 10647, '方憶萍', '1984-01-29', 'F100003052', '南投縣仁愛鄉共和村中山路30號', '方文三', '04-49321325', '幼兒保育科', '南投縣縣立雙溪國中畢業'),
(914048, 10648, '毛尹華', '1983-02-20', 'F100003061', '南投縣南投市和平街6巷5弄11號3F', '毛國隆', '04-64213941', '美容科', '南投縣縣立汐止國中畢業'),
(914049, 10701, '王淑如', '1983-09-28', 'C100003077', '台中縣石岡鄉仁安街53巷8 之1號', '王金塗', '04-42725487', '商業經營科', '台中市市立中正國中畢業'),
(914050, 10702, '史嘉雯', '1984-10-18', 'F100003089', '南投縣埔里鎮海濱路162號', '史深淵', '04-49726061', '國際貿易科', '南投縣縣立和平國中畢業'),
(914051, 10703, '田佳玲', '1984-07-23', 'C100003095', '台中縣后里鄉105號', '田慶良', '04-13276443', '資料處理科', '台中市市立信義國中畢業'),
(914052, 10704, '白蕙如', '1984-01-13', 'C100003102', '台中縣沙鹿鎮中山一路241巷94號', '白炳坤', '04-42323372', '幼兒保育科', '台中市市立中山國中畢業'),
(914053, 10705, '石蕾苑', '1983-07-17', 'C100003111', '台中縣和平鄉福二街154巷18號4樓', '石新居', '04-45121754', '美容科', '台中市市立中山國中畢業'),
(914054, 10706, '任婉菱', '1984-04-14', 'C100003120', '台中縣東勢鎮630號', '任坤弟', '04-46221280', '室內佈置科', '台中市市立仁愛國中畢業'),
(914055, 10707, '朱玉純', '1984-05-12', 'C100003139', '台中縣烏日鄉平三路21號3F', '朱阿樹', '04-46222411', '商業經營科', '台中市市立中正國中畢業'),
(914056, 10708, '江欣蕙', '1984-01-30', 'F100003141', '南投縣草屯鎮三爪坑路91巷22號', '江錦淵', '04-49662962', '國際貿易科', '南投縣縣立和平國中畢業'),
(914057, 10709, '何春蘭', '1984-07-05', 'C100003157', '台中縣神岡鄉275號2F', '何金隆', '04-45724770', '資料處理科', '台中市市立忠孝國中畢業'),
(914058, 10710, '余家妮', '1983-11-26', 'C100003166', '南投縣竹山鎮忠義路55巷5 號3F', '余李淑', '04-26025665', '幼兒保育科', '南投縣縣立土城國中畢業'),
(914059, 10711, '吳靜蘋', '1984-05-28', 'C100003175', '台中縣梧棲鎮義三路4巷31 號', '吳文智', '04-42622482', '美容科', '台中市市立信義國中畢業'),
(914060, 10712, '呂美桂', '1984-08-09', 'C100003184', '台中縣清水鎮樂利三街34巷18號', '呂阿雲', '04-43122553', '室內佈置科', '台中市市立百福國中畢業'),
(914061, 10713, '宋玉珊', '1983-09-22', 'C100003193', '台中縣新社鄉街263巷19弄33號底層', '宋林忠', '04-43325081', '商業經營科', '台中市市立忠孝國中畢業'),
(914062, 10714, '李玉菁', '1981-02-16', 'C100003200', '台中縣潭子鄉明德一路98-4號', '李基隆', '04-45642603', '國際貿易科', '台中市市立中山國中畢業'),
(914063, 10715, '杜若男', '1984-06-05', 'C100003219', '台中縣龍井鄉西定路51號4F', '杜宗輝', '04-42925626', '資料處理科', '台中市市立中正國中畢業'),
(914064, 10716, '沈馨怡', '1984-01-01', 'C100003228', '台中縣豐原市東信路154巷7-3號4F', '沈菊嵊', '04-46520898', '幼兒保育科', '台中市市立信義國中畢業'),
(914065, 10717, '汪玉真', '1984-09-16', 'C200003239', '台中縣霧峰鄉仁二路137巷64號', '汪清吉', '04-42427913', '美容科', '台中市市立仁愛國中畢業'),
(914066, 10718, '周宛華', '1984-05-25', 'F200003241', '南投縣集集鎮中山路263巷9號4F', '周聰明', '04-49825626', '室內佈置科', '南投縣縣立金山國中畢業'),
(914067, 10719, '孟玫芳', '1983-12-16', 'C200003257', '台中縣大甲鎮定國路119巷21 號', '孟兆亮', '04-42722859', '商業經營科', '台中市市立安樂國中畢業'),
(914068, 10720, '於淑瑛', '1984-05-21', 'C200003266', '台中縣大安鄉119巷15弄3號', '於志鵬', '04-46282032', '國際貿易科', '台中市市立仁愛國中畢業'),
(914069, 10721, '易美玲', '1981-10-23', 'E200003277', '台中縣大肚鄉東光路4-5號底 層樓', '易金燧', '04-46261299', '資料處理科', '台中市市立信義國中畢業'),
(914070, 10722, '林雯琪', '1983-10-25', 'F200003287', '台中縣大里市定國街125號', '林月里', '04-42524929', '幼兒保育科', '台中市市立百福國中畢業'),
(914071, 10723, '武舒盈', '1984-06-06', 'F200003296', '南投縣名間鄉中山路46號', '武松江', '04-49272314', '美容科', '南投縣縣立和平國中畢業'),
(914072, 10724, '邵佩茹', '1983-06-17', 'F100003301', '南投縣鹿谷鄉忠孝東路451 號3樓', '邵麗芬', '04-64287313', '商業經營科', '南投縣縣立汐止國中畢業'),
(914073, 10725, '邱芷琳', '1984-02-09', 'C100003317', '台中縣大雅鄉武嶺街240-2 號3F', '邱金鐘', '04-42310872', '國際貿易科', '台中市市立安樂國中畢業'),
(914074, 10726, '金婉如', '1984-02-21', 'C100003326', '台中縣太平市421巷103-2號3F', '金武華', '04-43124728', '資料處理科', '台中市市立信義國中畢業'),
(914075, 10727, '侯惠瑜', '1984-07-14', 'F100003338', '南投縣中寮鄉汐萬路一段134號', '侯日成', '04-64214482', '幼兒保育科', '南投縣縣立汐止國中畢業'),
(914076, 10728, '姜雅鳳', '1984-03-17', 'F100003347', '南投縣魚池鄉磺港村31號', '姜武雄', '04-49283233', '美容科', '南投縣縣立金山國中畢業'),
(914077, 10729, '姚嘉玲', '1983-08-15', 'F100003356', '南投縣國姓鄉新寮村3號', '姚慶福', '04-49582351', '室內佈置科', '南投縣縣立平溪國中畢業'),
(914078, 10730, '段慧琪', '1984-08-08', 'C100003362', '台中縣外埔鄉正義路2巷46 號1F', '段象雄', '04-42231279', '商業經營科', '台中市市立中正國中畢業'),
(914079, 10731, '胡梅貴', '1984-06-28', 'C100003371', '台中縣石岡鄉忠孝街610巷17號4F', '胡文科', '04-45270286', '國際貿易科', '台中市市立建德國中畢業'),
(914080, 10732, '范惠玲', '1984-01-10', 'F100003383', '南投縣中寮鄉和平街1號3F', '范色雄', '04-49286334', '資料處理科', '南投縣縣立金山國中畢業'),
(914081, 10733, '唐雅君', '1984-09-08', 'G100003393', '台中縣后里鄉新丰街161巷126號2F', '唐彝香', '04-46294566', '幼兒保育科', '台中市市立仁愛國中畢業'),
(914082, 10734, '夏嘉琳', '1984-06-11', 'C100003406', '台中縣沙鹿鎮西定路57號2F', '夏秋山', '04-42260818', '美容科', '台中市市立中正國中畢業'),
(914083, 10735, '孫雲婷', '1984-04-12', 'C100003415', '台中縣和平鄉新西街57巷21號', '孫阿日', '04-42263256', '商業經營科', '台中市市立百福國中畢業'),
(914084, 10736, '徐德芳', '1984-06-12', 'C100003424', '台中縣東勢鎮平一路320-3 號', '徐明富', '04-46225924', '國際貿易科', '台中市市立中正國中畢業'),
(914085, 10737, '秦琇雯', '1984-11-16', 'C100003433', '台中縣烏日鄉中山二路一巷53號', '秦進富', '04-42255976', '資料處理科', '台中市市立中山國中畢業'),
(914086, 10738, '袁佩琳', '1984-04-08', 'C100003442', '台中縣神岡鄉139號', '袁謝萍', '04-46254736', '幼兒保育科', '台中市市立信義國中畢業'),
(914087, 10739, '郝婉菁', '1983-09-28', 'T100003455', '台中縣梧棲鎮中華路1巷2號', '郝香筑', '04-42234146', '美容科', '台中市市立中正國中畢業'),
(914088, 10740, '馬曉甄', '1983-10-10', 'N100003469', '南投縣魚池鄉瑪鍊路5-4號2F', '馬阿萬', '04-49222315', '室內佈置科', '南投縣縣立萬里國中畢業'),
(914089, 10741, '高嘉琳', '1983-09-30', 'F100003472', '南投縣國姓鄉成功新村66號', '高政雄', '04-49222329', '商業經營科', '南投縣縣立萬里國中畢業'),
(914090, 10742, '崔筱穎', '1984-09-11', 'C100003488', '台中縣清水鎮劉銘傳路95巷1-1號2樓', '崔志誠', '04-13254994', '國際貿易科', '台中市市立安樂國中畢業'),
(914091, 10743, '常佳昕', '1982-02-10', 'C100003497', '台中縣新社鄉95巷29號2F', '常重典', '04-13280672', '資料處理科', '台中市市立仁愛國中畢業'),
(914092, 10744, '康思婷', '1984-02-16', 'F100003507', '南投縣水里鄉傑魚坑路217 號之1', '康建村', '04-13974743', '幼兒保育科', '南投縣縣立和平國中畢業'),
(914093, 10745, '張秀珍', '1983-09-03', 'F100003516', '南投縣信義鄉半嶺路58號', '張輝次', '04-13985692', '美容科', '南投縣縣立金山國中畢業'),
(914094, 10746, '曹意欣', '1984-10-05', 'F100003525', '台中縣潭子鄉定國街11巷14號', '曹明山', '04-13266601', '室內佈置科', '台中市市立安樂國中畢業'),
(914095, 10747, '梁秀萍', '1984-09-07', 'F100003534', '南投縣仁愛鄉中正路65號2F', '梁田玉', '04-13983032', '商業經營科', '南投縣縣立金山國中畢業'),
(914096, 10801, '許蓁齡', '1984-02-09', 'C100003540', '台中縣龍井鄉西定路308號', '許奄能', '04-13287226', '國際貿易科', '台中市市立中正國中畢業'),
(914097, 10802, '郭中慧', '1984-08-16', 'C100003559', '台中縣豐原市東碇路366號2F', '郭貽立', '04-13259126', '資料處理科', '台中市市立百福國中畢業'),
(914098, 10803, '陳沛文', '1984-01-09', 'F100003561', '台中縣霧峰鄉暖碇路15巷26號', '陳瑞鳳', '03-23833704', '幼兒保育科', '台中市市立忠孝國中畢業'),
(914099, 10804, '陸欣雅', '1984-02-25', 'C100003577', '台中縣大甲鎮正信路175巷8號', '陸玉蘭', '04-13655316', '美容科', '台中市市立信義國中畢業'),
(914100, 10805, '章慧薰', '1983-12-11', 'C100003586', '台中縣大安鄉中山二路107 巷94號', '章培盛', '04-13238378', '室內佈置科', '台中市市立中山國中畢業'),
(914101, 10806, '傅婉如', '1983-12-16', 'C100003595', '台中縣大肚鄉崇信街41巷4-1 號2F', '傅勝毅', '04-13566607', '商業經營科', '台中市市立中山國中畢業'),
(914102, 10807, '喬郁庭', '1984-04-15', 'C100003602', '台中縣大里市定國街119巷5號', '喬北海', '04-13262342', '國際貿易科', '台中市市立安樂國中畢業'),
(914103, 10808, '彭意琳', '1984-01-16', 'A100003619', '台中縣大雅鄉實踐路112號5F', '彭振富', '04-13511275', '資料處理科', '台中市市立中山國中畢業'),
(914104, 10809, '曾文泙', '1984-04-05', 'C100003620', '台中縣太平市一段69巷36號4F', '曾蔡麗', '04-13315894', '幼兒保育科', '台中市市立百福國中畢業'),
(914105, 10810, '湯淑婷', '1984-01-13', 'F100003632', '台中縣外埔鄉東明路114號', '湯明麟', '04-13652808', '美容科', '台中市市立信義國中畢業'),
(914106, 10811, '程詩萍', '1984-02-19', 'A100003646', '南投縣南投市瑞濱路93號', '程雅雄', '04-13977703', '商業經營科', '南投縣縣立和平國中畢業'),
(914107, 10812, '賀昱呈', '1984-08-07', 'C100003657', '台中縣石岡鄉西定路110巷3號', '賀炳煌', '04-13281730', '國際貿易科', '台中市市立中正國中畢業'),
(914108, 10813, '馮欣璇', '1984-08-17', 'C100003666', '台中縣后里鄉福五街85巷44號1F', '馮國棟', '04-13517620', '資料處理科', '台中市市立中山國中畢業'),
(914109, 10814, '黃湘儀', '1984-10-15', 'C100003675', '台中縣沙鹿鎮東信路55巷24-2號3F', '黃國雄', '04-13655539', '幼兒保育科', '台中市市立信義國中畢業'),
(914110, 10815, '楊雅惠', '1980-11-08', 'F100003687', '南投縣埔里鎮鉋里街24號', '楊明珠', '04-13982021', '美容科', '南投縣縣立金山國中畢業'),
(914111, 10816, '萬雅琳', '1983-10-22', 'C100003693', '台中縣和平鄉崇智街35巷10-7號4F', '萬順能', '04-13565040', '室內佈置科', '台中市市立中山國中畢業'),
(914112, 10817, '葉詩儀', '1984-01-09', 'C100003700', '台中縣東勢鎮月眉路65巷64號', '葉天來', '04-13659785', '商業經營科', '台中市市立信義國中畢業'),
(914113, 10818, '董麗如', '1984-02-05', 'C100003719', '台中縣烏日鄉實踐路128-2 號3F', '董文良', '04-13511076', '國際貿易科', '台中市市立中山國中畢業'),
(914114, 10819, '賈姵吟', '1984-06-02', 'C100003728', '台中縣神岡鄉南新街20-1號2F', '賈昌盛', '04-13242243', '資料處理科', '台中市市立仁愛國中畢業'),
(914115, 10820, '鄒佩萱', '1984-03-11', 'C100003737', '台中縣梧棲鎮街6 巷55-2號3F', '鄒德發', '04-13312719', '幼兒保育科', '台中市市立安樂國中畢業'),
(914116, 10821, '廖惠君', '1984-07-25', 'C100003746', '台中縣清水鎮431之4號5F', '廖孟哲', '04-13627910', '美容科', '台中市市立信義國中畢業'),
(914117, 10822, '熊雅莉', '1984-06-25', 'F100003758', '台中縣新社鄉義二路215號4F', '熊坤霖', '04-13263451', '商業經營科', '台中市市立仁愛國中畢業'),
(914118, 10823, '趙曉馨', '1984-04-29', 'F100003767', '台中縣潭子鄉安樂路2段166巷58號1F', '趙正隆', '04-13313556', '國際貿易科', '台中市市立安樂國中畢業'),
(914119, 10824, '劉美玲', '1984-07-23', 'F100003776', '南投縣草屯鎮加投路158號', '劉蒼田', '04-13981872', '資料處理科', '南投縣縣立萬里國中畢業'),
(914120, 10825, '潘可欣', '1984-02-29', 'A100003780', '台中縣龍井鄉源遠路152巷15號14F', '潘培禎', '04-13572246', '幼兒保育科', '台中市市立忠孝國中畢業'),
(914121, 10826, '蔣秀燕', '1984-03-05', 'C100003791', '南投縣竹山鎮三爪子坑路69巷15-2號3', '蔣義郎', '04-13979480', '美容科', '南投縣縣立和平國中畢業'),
(914122, 10827, '蔡佳雯', '1984-09-16', 'F100003801', '南投縣集集鎮野柳村港東路71號4F', '蔡春生', '04-13922608', '室內佈置科', '南投縣縣立萬里國中畢業'),
(914123, 10828, '鄭甫美', '1984-07-31', 'C100003817', '台中縣豐原市南榮路319巷19號', '鄭再壽', '04-13277780', '商業經營科', '台中市市立安一國中畢業'),
(914124, 10829, '鄧靜苓', '1984-01-08', 'F100003829', '台中縣霧峰鄉中興路3巷11-8號', '鄧虞村', '04-13322703', '國際貿易科', '台中市市立信義國中畢業'),
(914125, 10830, '黎菲雯', '1984-06-08', 'F100003838', '南投縣名間鄉瑞興新村12巷2號4F', '黎朝福', '04-13977792', '資料處理科', '南投縣縣立和平國中畢業'),
(914126, 10831, '盧雅琳', '1984-10-25', 'C100003844', '台中縣大甲鎮信二路25-2號3F', '盧文正', '04-13232924', '幼兒保育科', '台中市市立信義國中畢業'),
(914127, 10832, '蕭宛真', '1983-12-30', 'C100003853', '台中縣大安鄉溪頭街24-3號4F', '蕭榮貴', '04-13513675', '美容科', '台中市市立中山國中畢業'),
(914128, 10833, '賴惠茹', '1983-11-29', 'C100003862', '台中縣大肚鄉中山一路113 巷81號', '賴淑芳', '04-13239573', '室內佈置科', '台中市市立中山國中畢業'),
(914129, 10834, '錢珊珊', '1984-11-08', 'C100003871', '台中縣大里市中山二路51巷171-1號', '錢岳鐘', '04-13255170', '商業經營科', '台中市市立中山國中畢業'),
(914130, 10835, '閻秋琴', '1983-10-23', 'C100003880', '台中縣大雅鄉定國街11巷39號', '閻依維', '04-13266643', '國際貿易科', '台中市市立安樂國中畢業'),
(914131, 10836, '龍文雅', '1983-10-23', 'C100003899', '台中縣太平市安和一街129巷6-3號4F', '龍銘鐘', '04-13322516', '資料處理科', '台中市市立安樂國中畢業'),
(914132, 10837, '戴怡慈', '1984-07-04', 'F100003909', '南投縣鹿谷鄉屯山里石頭厝17-2號', '戴盧文', '04-28010287', '幼兒保育科', '南投縣縣立淡水國中畢業'),
(914133, 10838, '薛秀鳳', '1984-01-22', 'F100003918', '南投縣中寮鄉東和路63號1F', '薛月娥', '04-13960270', '美容科', '南投縣縣立和平國中畢業'),
(914134, 10839, '謝鈺霞', '1984-06-19', 'C100003924', '台中縣外埔鄉街4巷47號', '謝幸福', '04-13319792', '室內佈置科', '台中市市立安樂國中畢業'),
(914135, 10840, '鍾小芬', '1984-07-21', 'L100003930', '南投縣魚池鄉仁愛路67巷9 號3F', '鍾春菅', '04-13986214', '商業經營科', '南投縣縣立金山國中畢業'),
(914136, 10841, '韓彩鳳', '1983-09-24', 'C100003942', '台中縣石岡鄉崇德路10巷38-37號2F', '韓治雄', '04-13256196', '國際貿易科', '台中市市立百福國中畢業'),
(914137, 10842, '魏修吟', '1984-07-24', 'C100003951', '台中縣后里鄉樂一路76巷11號', '魏則亮', '04-13252836', '資料處理科', '台中市市立百福國中畢業'),
(914138, 10843, '羅筱慧', '1983-10-12', 'C100003960', '台中縣沙鹿鎮文化路50巷1 弄6號1F', '羅月嬌', '04-13264657', '幼兒保育科', '台中市市立中正國中畢業'),
(915001, 10901, '譚琇怡', '1984-09-13', 'C100003979', '台中縣和平鄉崇德路218-12號3F', '譚萬福', '04-13279637', '美容科', '台中市市立百福國中畢業'),
(915002, 10902, '蘇琬鈺', '1984-01-06', 'C100003988', '台中縣東勢鎮麥金路458號 之4五樓', '蘇仲信', '04-13335533', '商業經營科', '台中市市立百福國中畢業'),
(915003, 10903, '顧美芳', '1984-02-26', 'H100003992', '南投縣國姓鄉仁五路3號3F', '顧新章', '04-13925229', '國際貿易科', '南投縣縣立萬里國中畢業'),
(915004, 10904, '龔雅貞', '1984-03-05', 'C100004001', '台中縣烏日鄉復興街50巷23號', '龔朝玉', '04-13285231', '資料處理科', '台中市市立安樂國中畢業'),
(915005, 10905, '丁婉禎', '1984-09-04', 'C100004010', '台中縣神岡鄉崇德路85-12 號地下2F', '丁明正', '04-13246535', '幼兒保育科', '台中市市立百福國中畢業'),
(915006, 10906, '尹芳儀', '1983-07-23', 'C100004029', '台中縣梧棲鎮西定路453號', '尹期昆', '04-13242097', '美容科', '台中市市立中正國中畢業'),
(915007, 10907, '孔玉茹', '1984-09-26', 'F100004031', '台中縣清水鎮成功路67巷31號3樓', '孔文科', '04-13318166', '室內佈置科', '台中市市立仁愛國中畢業'),
(915008, 10908, '文麗婷', '1984-10-26', 'F100004040', '南投縣中寮鄉菁桐村二坑4 號', '文火樹', '04-13951570', '商業經營科', '南投縣縣立平溪國中畢業'),
(915009, 10909, '方秀瑩', '1983-12-05', 'C100004056', '台中縣新社鄉愛五路4-1號2樓', '方永進', '04-13285139', '國際貿易科', '台中市市立安樂國中畢業'),
(915010, 10910, '毛怡雯', '1984-05-27', 'C100004065', '台中縣潭子鄉碇內街160巷4號', '毛金李', '04-13574877', '資料處理科', '台中市市立忠孝國中畢業'),
(915011, 10911, '王文琪', '1984-03-29', 'C100004074', '台中縣龍井鄉街110號 4F', '王德銘', '04-13316105', '幼兒保育科', '台中市市立忠孝國中畢業'),
(915012, 10912, '史忞燕', '1984-03-23', 'R100004085', '台中縣豐原市義七路19號4F', '史秀靜', '04-13224708', '美容科', '台中市市立信義國中畢業'),
(915013, 10913, '田佳詩', '1983-12-21', 'C100004092', '台中縣霧峰鄉獅球路48巷55號', '田武龍', '04-13336325', '商業經營科', '台中市市立安樂國中畢業'),
(915014, 10914, '白慧怡', '1984-04-07', 'K100004106', '台中縣大甲鎮街二巷22-5號6F', '白火龍', '04-26212902', '國際貿易科', '台中市市立安樂國中畢業'),
(915015, 10915, '石惠名', '1984-08-01', 'C100004118', '台中縣大安鄉復興街117巷13號2樓', '石清和', '04-13231378', '資料處理科', '台中市市立安樂國中畢業'),
(915016, 10916, '任瑞欣', '1983-11-26', 'V100004123', '台中縣大肚鄉新丰街327巷2號', '任勤努', '04-13693354', '幼兒保育科', '台中市市立仁愛國中畢業'),
(915017, 10917, '朱玉萍', '1984-01-10', 'C100004136', '台中縣大里市六堵里工建路42號', '朱秋揚', '04-13510695', '美容科', '台中市市立八斗國中畢業'),
(915018, 10918, '江惠瑩', '1984-10-14', 'C100004145', '台中縣大雅鄉大華一路57巷11-2號3F', '江連興', '04-13551392', '室內佈置科', '台中市市立八斗國中畢業'),
(915019, 10919, '何依婷', '1984-10-11', 'F100004157', '南投縣魚池鄉瑞竹路12號2F', '何金生', '04-13573797', '商業經營科', '南投縣縣立和平國中畢業'),
(915020, 10920, '余欣妮', '1984-01-28', 'G100004167', '台中縣太平市通仁路20巷46號', '余美華', '04-13230461', '國際貿易科', '台中市市立中正國中畢業'),
(915021, 10921, '吳嘉玲', '1984-07-27', 'F100004175', '南投縣國姓鄉延平街69號', '吳春生', '04-13901172', '資料處理科', '南投縣縣立仁愛國中畢業'),
(915022, 10922, '呂欣怡', '1984-08-14', 'C100004181', '台中縣外埔鄉19巷27號4F', '呂美鈴', '04-13323946', '幼兒保育科', '台中市市立仁愛國中畢業'),
(915023, 10923, '宋彥蓉', '1984-09-19', 'M100004198', '台中縣石岡鄉開元路104-1 號2F', '宋陳鎬', '04-13567307', '美容科', '台中市市立中山國中畢業'),
(915024, 10924, '李柏楨', '1984-04-08', 'F100004200', '台中縣后里鄉源遠路249巷11-2號3F', '李金德', '04-13572735', '室內佈置科', '台中市市立忠孝國中畢業'),
(915025, 10925, '杜慧玲', '1983-11-20', 'C100004216', '台中縣沙鹿鎮調和街17-8號3F', '杜文田', '04-13691790', '商業經營科', '台中市市立仁愛國中畢業'),
(915026, 10926, '沈蕙敏', '1984-05-27', 'C100004225', '台中縣和平鄉中華路167巷13-3號', '沈玉嬌', '04-13286212', '國際貿易科', '台中市市立中平國中畢業'),
(915027, 10927, '汪純慧', '1983-10-14', 'C100004234', '台中縣東勢鎮龍安街340號', '汪進寶', '04-13232499', '資料處理科', '台中市市立安樂國中畢業'),
(915028, 10928, '周雅君', '1983-10-10', 'C100004243', '台中縣烏日鄉八堵路31巷1 號3F', '周清漢', '04-13570712', '幼兒保育科', '台中市市立南榮國中畢業'),
(915029, 10929, '孟伶樺', '1984-04-04', 'F100004255', '南投縣水里鄉仁愛路67巷14號3F', '孟俊湧', '04-13988057', '美容科', '南投縣縣立金山國中畢業'),
(915030, 10930, '於淑珍', '1984-05-11', 'C100004261', '台中縣神岡鄉路131巷11弄4號5F', '於 書', '04-13322536', '室內佈置科', '台中市市立安樂國中畢業'),
(915031, 10931, '易惠如', '1984-01-24', 'F100004273', '南投縣信義鄉128號', '易平郎', '04-13941300', '商業經營科', '南投縣縣立仁愛國中畢業'),
(915032, 10932, '林文琪', '1984-06-03', 'F100004282', '南投縣仁愛鄉水源路1段185號', '林詹園', '04-26427938', '國際貿易科', '南投縣縣立汐止國中畢業'),
(915033, 10933, '武怡琴', '1983-10-23', 'F100004291', '台中縣梧棲鎮劉銘傳路110 巷34號2F', '武啟輝', '04-13272209', '資料處理科', '台中市市立安樂國中畢業'),
(915034, 10934, '邵汶琪', '1984-01-30', 'F100004308', '南投縣中寮鄉港東路177號1F', '邵桂花', '04-13921744', '幼兒保育科', '南投縣縣立萬里國中畢業'),
(915035, 10935, '邱惠茹', '1984-09-13', 'F100004317', '南投縣魚池鄉福德一路102 巷16號', '邱正宗', '04-26941388', '美容科', '南投縣縣立汐止國中畢業'),
(915036, 10936, '金鈺婷', '1984-02-25', 'G100004327', '南投縣國姓鄉樟樹一路123-2號1F', '金兒燎', '04-26473809', '商業經營科', '南投縣縣立汐止國中畢業');
INSERT INTO `students` (`學號`, `班級座號`, `姓名`, `出生年月日`, `身分證號碼`, `住址`, `家長`, `電話`, `科別`, `畢業國中`) VALUES
(915037, 10937, '侯佩純', '1984-04-21', 'G100004336', '台中縣清水鎮518號', '侯祈財', '04-13623381', '國際貿易科', '台中市市立仁愛國中畢業'),
(915038, 10938, '姜雯菁', '1983-09-22', 'F100004344', '台中縣新社鄉樂利二街26號1樓', '姜寶根', '04-13315522', '資料處理科', '台中市市立百福國中畢業'),
(915039, 10939, '姚愷莉', '1984-03-29', 'C100004350', '台中縣潭子鄉復興街105巷1號', '姚玉書', '04-13234590', '幼兒保育科', '台中市市立安樂國中畢業'),
(915040, 10940, '段聖芳', '1984-06-14', 'C100004369', '台中縣龍井鄉七巷29號', '段興益', '04-13653019', '美容科', '台中市市立信義國中畢業'),
(915041, 10941, '胡嘉慧', '1984-01-13', 'C100004378', '台中縣豐原市437巷7號1F', '胡金玉', '04-13314538', '室內佈置科', '台中市市立信義國中畢業'),
(915042, 10942, '范欣怡', '1984-02-10', 'F100004380', '南投縣水里鄉仁愛路51號1F', '范李雄', '04-13984686', '商業經營科', '南投縣縣立金山國中畢業'),
(915043, 11001, '唐利光', '1984-07-28', 'C100004396', '台中縣霧峰鄉龍安街94號', '唐明達', '04-13321631', '國際貿易科', '台中市市立安樂國中畢業'),
(915044, 11002, '夏芳祺', '1984-10-22', 'F100004406', '南投縣信義鄉石門街29號5F', '夏正池', '04-26382102', '資料處理科', '南投縣縣立石門國中畢業'),
(915045, 11003, '孫雅嵐', '1984-08-01', 'C100004412', '台中縣大甲鎮八堵路28號', '孫龍竹', '04-13581940', '幼兒保育科', '台中市市立南榮國中畢業'),
(915046, 11004, '徐文怡', '1984-06-21', 'C100004421', '台中縣大安鄉月眉路250巷19 號', '徐勝和', '04-13651852', '美容科', '台中市市立百福國中畢業'),
(915047, 11005, '秦佳芳', '1982-10-24', 'C100004430', '台中縣大肚鄉路168巷50弄7號4F', '秦輝龍', '04-25077981', '商業經營科', '台中市市立信義國中畢業'),
(915048, 11006, '袁桂綾', '1984-05-04', 'F100004442', '南投縣仁愛鄉大同路2段687巷23弄2號', '袁財團', '04-26434642', '國際貿易科', '南投縣縣立汐止國中畢業'),
(915049, 11007, '郝怡珊', '1984-07-23', 'F100004451', '南投縣南投市新港街26巷21弄3號2F', '郝明雄', '04-13901985', '資料處理科', '南投縣縣立仁愛國中畢業'),
(915050, 11008, '馬靖怡', '1984-08-22', 'C100004467', '南投縣埔里鎮仁愛路119巷19號四樓', '馬勝龍', '04-26479455', '幼兒保育科', '南投縣縣立汐止國中畢業'),
(915051, 11009, '高素惠', '1984-08-04', 'F100004479', '南投縣草屯鎮建基路2段97 號', '高萬生', '04-13975894', '美容科', '南投縣縣立和平國中畢業'),
(915052, 11010, '崔雅苓', '1984-01-29', 'C100004485', '台中縣大里市35巷159號1F', '崔總富', '04-13655941', '室內佈置科', '台中市市立百福國中畢業'),
(915053, 11011, '常依雲', '1984-11-11', 'F100004497', '南投縣竹山鎮牡丹村233號', '常水木', '04-13934372', '商業經營科', '南投縣縣立雙溪國中畢業'),
(915054, 11012, '康佳靜', '1984-07-18', 'C100004501', '台中縣大雅鄉培德路59號之1,5樓', '康明端', '04-13656789', '國際貿易科', '台中市市立信義國中畢業'),
(915055, 11013, '張淑梅', '1984-01-05', 'C100004510', '台中縣太平市二巷9-5號', '張崇武', '04-13621993', '資料處理科', '台中市市立百福國中畢業'),
(915056, 11014, '曹曉燕', '1984-06-10', 'F100004522', '南投縣集集鎮港西路56-3號2F', '曹宗興', '04-13923628', '幼兒保育科', '南投縣縣立萬里國中畢業'),
(915057, 11015, '梁心怡', '1983-03-20', 'C100004538', '台中縣外埔鄉257號', '梁希滇', '04-13627038', '美容科', '台中市市立信義國中畢業'),
(915058, 11016, '許秀美', '1984-06-27', 'C100004547', '台中縣石岡鄉復興路212巷23 弄23號', '許阿潻', '04-13257782', '室內佈置科', '台中市市立中正國中畢業'),
(915059, 11017, '郭美冠', '1983-12-01', 'F100004559', '南投縣名間鄉中山路180巷5弄11號', '郭福來', '04-13971390', '商業經營科', '南投縣縣立和平國中畢業'),
(915060, 11018, '陳珮瑛', '1984-05-16', 'A100004563', '台中縣后里鄉愛三路9-3號9F', '陳淑珍', '04-13222830', '國際貿易科', '台中市市立安樂國中畢業'),
(915061, 11019, '陸佳惠', '1983-12-09', 'C100004574', '台中縣沙鹿鎮寧靜街60巷20號 6F', '陸田濤', '04-13575282', '資料處理科', '台中市市立忠孝國中畢業'),
(915062, 11020, '章靜玉', '1984-09-19', 'C100004583', '台中縣和平鄉華三街4號7樓', '章國楨', '04-13336213', '幼兒保育科', '台中市市立安樂國中畢業'),
(915063, 11021, '傅璧如', '1984-07-14', 'A100004590', '台中縣東勢鎮培德路12巷40-2號', '傅石村', '04-13656925', '美容科', '台中市市立信義國中畢業'),
(915064, 11022, '喬琇婷', '1983-11-18', 'C100004609', '台中縣烏日鄉信二路36巷81號', '喬來成', '04-13259123', '室內佈置科', '台中市市立信義國中畢業'),
(915065, 11023, '彭嘉純', '1983-09-23', 'C100004618', '台中縣神岡鄉16巷70-11號', '彭茂金', '04-13573382', '商業經營科', '台中市市立忠孝國中畢業'),
(915066, 11024, '曾銘芳', '1984-04-13', 'C100004627', '台中縣梧棲鎮348號之16', '曾連富', '04-13286436', '國際貿易科', '台中市市立安樂國中畢業'),
(915067, 11025, '湯怡婷', '1983-05-06', 'C100004636', '台中縣清水鎮339號5F', '湯棋昌', '04-13282854', '資料處理科', '台中市市立安樂國中畢業'),
(915068, 11026, '程佳汎', '1984-07-04', 'C100004645', '台中縣新社鄉忠孝街281巷7號 3F', '程文卿', '04-13575009', '幼兒保育科', '台中市市立建德國中畢業'),
(915069, 11027, '賀淑珍', '1984-06-14', 'V100004650', '台中縣潭子鄉開元路59-56 號', '賀福順', '04-13569139', '美容科', '台中市市立中山國中畢業'),
(915070, 11028, '馮惠貞', '1984-10-20', 'F200004668', '南投縣鹿谷鄉中央路44巷18-1號1F', '馮永富', '04-26381985', '商業經營科', '南投縣縣立石門國中畢業'),
(915071, 11029, '黃潔如', '1983-12-30', 'C200004674', '台中縣龍井鄉麥金路54號11樓', '黃明泉', '04-13333651', '國際貿易科', '台中市市立百福國中畢業'),
(915072, 11030, '楊靜漪', '1983-05-04', 'F200004686', '南投縣中寮鄉中正路93號', '楊欽賢', '04-26415225', '資料處理科', '南投縣縣立汐止國中畢業'),
(915073, 11031, '萬莉萍', '1983-10-15', 'C200004692', '台中縣豐原市25號', '萬燕青', '04-13323143', '幼兒保育科', '台中市市立南榮國中畢業'),
(915074, 11032, '葉玉婷', '1984-02-01', 'C200004709', '台中縣霧峰鄉國安路30巷16-2號3F', '葉文欽', '04-13576610', '美容科', '台中市市立建德國中畢業'),
(915075, 11033, '董佳琪', '1984-03-21', 'F200004711', '台中縣大甲鎮崇智街27巷7-3號4F', '董瑞德', '04-13658126', '室內佈置科', '台中市市立中山國中畢業'),
(915076, 11034, '賈慧怡', '1984-06-21', 'C200004727', '台中縣大安鄉正榮街77巷35號底2樓', '賈鑽輝', '04-13632632', '商業經營科', '台中市市立中正國中畢業'),
(915077, 11035, '鄒思怡', '1984-03-03', 'C200004736', '台中縣大肚鄉麥金路437巷14-3號', '鄒忠成', '04-13313918', '國際貿易科', '台中市市立百福國中畢業'),
(915078, 11036, '廖柔君', '1984-05-15', 'C200004745', '台中縣大里市中正路124號4樓', '廖啟彰', '04-13277422', '資料處理科', '台中市市立中正國中畢業'),
(915079, 11037, '熊嘉慧', '1982-11-24', 'C200004754', '台中縣大雅鄉中平街17號之3 4F', '熊朝宗', '04-13233272', '幼兒保育科', '台中市市立中山國中畢業'),
(915080, 11038, '趙佳蕙', '1984-01-18', 'C200004763', '台中縣太平市復興街107號', '趙朝陽', '04-13288094', '美容科', '台中市市立安樂國中畢業'),
(915081, 11039, '劉佳融', '1984-01-29', 'F200004775', '南投縣魚池鄉中福村59-2號', '劉阿屘', '04-13922431', '國際貿易科', '南投縣縣立萬里國中畢業'),
(915082, 11040, '潘曉慧', '1983-12-30', 'A200004789', '南投縣國姓鄉輕便路5號', '潘崇義', '04-13969103', '資料處理科', '南投縣縣立和平國中畢業'),
(915083, 11041, '蔣柏雲', '1984-06-27', 'C200004790', '台中縣外埔鄉25號4F', '蔣耒成', '04-13632327', '幼兒保育科', '台中市市立百福國中畢業');
COMMIT;

/*!40101 SET CHARACTER_SET_CLIENT=@OLD_CHARACTER_SET_CLIENT */;
/*!40101 SET CHARACTER_SET_RESULTS=@OLD_CHARACTER_SET_RESULTS */;
/*!40101 SET COLLATION_CONNECTION=@OLD_COLLATION_CONNECTION */;
